,GAME_ID,EVENTNUM,EVENTMSGTYPE,EVENTMSGACTIONTYPE,PERIOD,WCTIMESTRING,PCTIMESTRING,HOMEDESCRIPTION,NEUTRALDESCRIPTION,VISITORDESCRIPTION,SCORE,SCOREMARGIN,PERSON1TYPE,PLAYER1_ID,PLAYER1_NAME,PLAYER1_TEAM_ID,PLAYER1_TEAM_CITY,PLAYER1_TEAM_NICKNAME,PLAYER1_TEAM_ABBREVIATION,PERSON2TYPE,PLAYER2_ID,PLAYER2_NAME,PLAYER2_TEAM_ID,PLAYER2_TEAM_CITY,PLAYER2_TEAM_NICKNAME,PLAYER2_TEAM_ABBREVIATION,PERSON3TYPE,PLAYER3_ID,PLAYER3_NAME,PLAYER3_TEAM_ID,PLAYER3_TEAM_CITY,PLAYER3_TEAM_NICKNAME,PLAYER3_TEAM_ABBREVIATION,VIDEO_AVAILABLE_FLAG
0,0041200211,0,12,0,1,3:48 PM,12:00,,Start of 1st Period (3:48 PM EST),,,,0.0,0,,,,,,0,0,,,,,,0,0,,,,,,0
1,0041200211,1,10,0,1,3:48 PM,12:00,Jump Ball Chandler vs. Hibbert: Tip to Felton,,,,,4.0,2199,Tyson Chandler,1610612752.0,New York,Knicks,NYK,5,201579,Roy Hibbert,1610612754.0,Indiana,Pacers,IND,4,101109,Raymond Felton,1610612752.0,New York,Knicks,NYK,0
2,0041200211,2,2,47,1,3:48 PM,11:48,MISS Anthony 11' Turnaround Jump Shot,,,,,4.0,2546,Carmelo Anthony,1610612752.0,New York,Knicks,NYK,0,0,,,,,,0,0,,,,,,0
3,0041200211,3,4,0,1,3:48 PM,11:47,,,Stephenson REBOUND (Off:0 Def:1),,,5.0,202362,Lance Stephenson,1610612754.0,Indiana,Pacers,IND,0,0,,,,,,0,0,,,,,,0
4,0041200211,4,1,3,1,3:48 PM,11:34,,,Hibbert 5' Hook Shot (2 PTS),2 - 0,-2,5.0,201579,Roy Hibbert,1610612754.0,Indiana,Pacers,IND,0,0,,,,,,0,0,,,,,,0
5,0041200211,5,1,78,1,3:49 PM,11:15,Felton 7' Floating Jump Shot (2 PTS),,,2 - 2,TIE,4.0,101109,Raymond Felton,1610612752.0,New York,Knicks,NYK,0,0,,,,,,0,0,,,,,,0
6,0041200211,6,1,1,1,3:49 PM,10:58,,,Hill 13' Jump Shot (2 PTS),4 - 2,-2,5.0,201588,George Hill,1610612754.0,Indiana,Pacers,IND,0,0,,,,,,0,0,,,,,,0
7,0041200211,7,2,78,1,3:49 PM,10:39,MISS Felton 8' Floating Jump Shot,,,,,4.0,101109,Raymond Felton,1610612752.0,New York,Knicks,NYK,0,0,,,,,,0,0,,,,,,0
8,0041200211,8,4,0,1,3:49 PM,10:38,,,Hibbert REBOUND (Off:0 Def:1),,,5.0,201579,Roy Hibbert,1610612754.0,Indiana,Pacers,IND,0,0,,,,,,0,0,,,,,,0
9,0041200211,9,5,1,1,3:49 PM,10:30,Prigioni STEAL (1 STL),,Hill Bad Pass Turnover (P1.T1),,,5.0,201588,George Hill,1610612754.0,Indiana,Pacers,IND,4,203143,Pablo Prigioni,1610612752.0,New York,Knicks,NYK,0,0,,,,,,0
10,0041200211,10,2,1,1,3:50 PM,10:23,MISS Anthony 25' 3PT Jump Shot,,,,,4.0,2546,Carmelo Anthony,1610612752.0,New York,Knicks,NYK,0,0,,,,,,0,0,,,,,,0
11,0041200211,11,4,0,1,3:50 PM,10:21,,,George REBOUND (Off:0 Def:1),,,5.0,202331,Paul George,1610612754.0,Indiana,Pacers,IND,0,0,,,,,,0,0,,,,,,0
12,0041200211,12,1,5,1,3:50 PM,10:14,,,West 2' Layup (2 PTS) (George 1 AST),6 - 2,-4,5.0,2561,David West,1610612754.0,Indiana,Pacers,IND,5,202331,Paul George,1610612754.0,Indiana,Pacers,IND,0,0,,,,,,0
13,0041200211,13,1,1,1,3:50 PM,9:59,Shumpert 19' Jump Shot (2 PTS) (Prigioni 1 AST),,,6 - 4,-2,4.0,202697,Iman Shumpert,1610612752.0,New York,Knicks,NYK,4,203143,Pablo Prigioni,1610612752.0,New York,Knicks,NYK,0,0,,,,,,0
14,0041200211,14,2,1,1,3:50 PM,9:33,,,MISS Hill 26' 3PT Jump Shot,,,5.0,201588,George Hill,1610612754.0,Indiana,Pacers,IND,0,0,,,,,,0,0,,,,,,0
15,0041200211,15,4,0,1,3:50 PM,9:31,Shumpert REBOUND (Off:0 Def:1),,,,,4.0,202697,Iman Shumpert,1610612752.0,New York,Knicks,NYK,0,0,,,,,,0,0,,,,,,0
16,0041200211,18,6,2,1,3:51 PM,9:24,,,Hibbert S.FOUL (P1.T1),,,5.0,201579,Roy Hibbert,1610612754.0,Indiana,Pacers,IND,4,202697,Iman Shumpert,1610612752.0,New York,Knicks,NYK,1,0,,,,,,0
17,0041200211,19,3,11,1,3:51 PM,9:24,Shumpert Free Throw 1 of 2 (3 PTS),,,6 - 5,-1,4.0,202697,Iman Shumpert,1610612752.0,New York,Knicks,NYK,0,0,,,,,,0,0,,,,,,0
18,0041200211,21,3,12,1,3:51 PM,9:24,Shumpert Free Throw 2 of 2 (4 PTS),,,6 - 6,TIE,4.0,202697,Iman Shumpert,1610612752.0,New York,Knicks,NYK,0,0,,,,,,0,0,,,,,,0
19,0041200211,23,2,1,1,3:52 PM,9:10,,,MISS George 11' Jump Shot,,,5.0,202331,Paul George,1610612754.0,Indiana,Pacers,IND,0,0,,,,,,0,0,,,,,,0
20,0041200211,24,4,0,1,3:52 PM,9:09,Chandler REBOUND (Off:0 Def:1),,,,,4.0,2199,Tyson Chandler,1610612752.0,New York,Knicks,NYK,0,0,,,,,,0,0,,,,,,0
21,0041200211,25,1,1,1,3:52 PM,8:55,Shumpert 17' Jump Shot (6 PTS),,,6 - 8,2,4.0,202697,Iman Shumpert,1610612752.0,New York,Knicks,NYK,0,0,,,,,,0,0,,,,,,0
22,0041200211,26,2,1,1,3:52 PM,8:43,Chandler BLOCK (1 BLK),,MISS West 7' Jump Shot,,,5.0,2561,David West,1610612754.0,Indiana,Pacers,IND,0,0,,,,,,4,2199,Tyson Chandler,1610612752.0,New York,Knicks,NYK,0
23,0041200211,27,4,0,1,3:52 PM,8:42,,,Pacers Rebound,,,3.0,1610612754,,,,,,0,0,,,,,,0,0,,,,,,0
24,0041200211,28,1,5,1,3:53 PM,8:27,,,West 2' Layup (4 PTS) (Hill 1 AST),8 - 8,TIE,5.0,2561,David West,1610612754.0,Indiana,Pacers,IND,5,201588,George Hill,1610612754.0,Indiana,Pacers,IND,0,0,,,,,,0
25,0041200211,29,2,1,1,3:53 PM,8:15,MISS Anthony 14' Jump Shot,,,,,4.0,2546,Carmelo Anthony,1610612752.0,New York,Knicks,NYK,0,0,,,,,,0,0,,,,,,0
26,0041200211,30,4,0,1,3:53 PM,8:13,,,West REBOUND (Off:0 Def:1),,,5.0,2561,David West,1610612754.0,Indiana,Pacers,IND,0,0,,,,,,0,0,,,,,,0
27,0041200211,31,2,1,1,3:53 PM,7:57,,,MISS West 10' Jump Shot,,,5.0,2561,David West,1610612754.0,Indiana,Pacers,IND,0,0,,,,,,0,0,,,,,,0
28,0041200211,32,4,0,1,3:53 PM,7:55,Anthony REBOUND (Off:0 Def:1),,,,,4.0,2546,Carmelo Anthony,1610612752.0,New York,Knicks,NYK,0,0,,,,,,0,0,,,,,,0
29,0041200211,33,2,1,1,3:53 PM,7:50,MISS Shumpert 24' 3PT Jump Shot,,,,,4.0,202697,Iman Shumpert,1610612752.0,New York,Knicks,NYK,0,0,,,,,,0,0,,,,,,0
30,0041200211,34,4,0,1,3:53 PM,7:48,,,Stephenson REBOUND (Off:0 Def:2),,,5.0,202362,Lance Stephenson,1610612754.0,Indiana,Pacers,IND,0,0,,,,,,0,0,,,,,,0
31,0041200211,35,2,5,1,3:53 PM,7:42,Chandler BLOCK (2 BLK),,MISS George 2' Layup,,,5.0,202331,Paul George,1610612754.0,Indiana,Pacers,IND,0,0,,,,,,4,2199,Tyson Chandler,1610612752.0,New York,Knicks,NYK,0
32,0041200211,36,4,0,1,3:53 PM,7:40,Anthony REBOUND (Off:0 Def:2),,,,,4.0,2546,Carmelo Anthony,1610612752.0,New York,Knicks,NYK,0,0,,,,,,0,0,,,,,,0
33,0041200211,37,1,42,1,3:54 PM,7:28,Felton 2' Driving Layup (4 PTS),,,8 - 10,2,4.0,101109,Raymond Felton,1610612752.0,New York,Knicks,NYK,0,0,,,,,,0,0,,,,,,0
34,0041200211,38,5,1,1,3:54 PM,7:20,,,George Bad Pass Turnover (P1.T2),,,5.0,202331,Paul George,1610612754.0,Indiana,Pacers,IND,0,0,,,,,,0,0,,,,,,0
35,0041200211,39,2,78,1,3:54 PM,7:04,MISS Prigioni 6' Floating Jump Shot,,,,,4.0,203143,Pablo Prigioni,1610612752.0,New York,Knicks,NYK,0,0,,,,,,0,0,,,,,,0
36,0041200211,40,4,0,1,3:54 PM,7:03,,,Stephenson REBOUND (Off:0 Def:3),,,5.0,202362,Lance Stephenson,1610612754.0,Indiana,Pacers,IND,0,0,,,,,,0,0,,,,,,0
37,0041200211,41,2,1,1,3:54 PM,6:46,,,MISS Hill 3PT Jump Shot,,,5.0,201588,George Hill,1610612754.0,Indiana,Pacers,IND,0,0,,,,,,0,0,,,,,,0
38,0041200211,42,4,0,1,3:54 PM,6:44,Anthony REBOUND (Off:0 Def:3),,,,,4.0,2546,Carmelo Anthony,1610612752.0,New York,Knicks,NYK,0,0,,,,,,0,0,,,,,,0
39,0041200211,43,2,42,1,3:55 PM,6:38,MISS Anthony 2' Driving Layup,,,,,4.0,2546,Carmelo Anthony,1610612752.0,New York,Knicks,NYK,0,0,,,,,,0,0,,,,,,0
40,0041200211,44,4,0,1,3:55 PM,6:36,,,Stephenson REBOUND (Off:0 Def:4),,,5.0,202362,Lance Stephenson,1610612754.0,Indiana,Pacers,IND,0,0,,,,,,0,0,,,,,,0
41,0041200211,45,2,1,1,3:55 PM,6:21,,,MISS Hibbert 18' Jump Shot,,,5.0,201579,Roy Hibbert,1610612754.0,Indiana,Pacers,IND,0,0,,,,,,0,0,,,,,,0
42,0041200211,46,4,0,1,3:55 PM,6:19,Anthony REBOUND (Off:0 Def:4),,,,,4.0,2546,Carmelo Anthony,1610612752.0,New York,Knicks,NYK,0,0,,,,,,0,0,,,,,,0
43,0041200211,47,2,1,1,3:55 PM,6:08,MISS Shumpert 19' Jump Shot,,,,,4.0,202697,Iman Shumpert,1610612752.0,New York,Knicks,NYK,0,0,,,,,,0,0,,,,,,0
44,0041200211,48,4,0,1,3:55 PM,6:06,,,Hill REBOUND (Off:0 Def:1),,,5.0,201588,George Hill,1610612754.0,Indiana,Pacers,IND,0,0,,,,,,0,0,,,,,,0
45,0041200211,49,1,5,1,3:55 PM,5:52,,,West 1' Layup (6 PTS) (Hill 2 AST),10 - 10,TIE,5.0,2561,David West,1610612754.0,Indiana,Pacers,IND,5,201588,George Hill,1610612754.0,Indiana,Pacers,IND,0,0,,,,,,0
46,0041200211,50,1,8,1,3:56 PM,5:37,Chandler 1' Slam Dunk (2 PTS) (Felton 1 AST),,,10 - 12,2,4.0,2199,Tyson Chandler,1610612752.0,New York,Knicks,NYK,4,101109,Raymond Felton,1610612752.0,New York,Knicks,NYK,0,0,,,,,,0
47,0041200211,51,2,73,1,3:56 PM,5:07,,,MISS Hill 2' Driving Reverse Layup,,,5.0,201588,George Hill,1610612754.0,Indiana,Pacers,IND,0,0,,,,,,0,0,,,,,,0
48,0041200211,52,4,0,1,3:56 PM,5:05,Chandler REBOUND (Off:0 Def:2),,,,,4.0,2199,Tyson Chandler,1610612752.0,New York,Knicks,NYK,0,0,,,,,,0,0,,,,,,0
49,0041200211,53,2,42,1,3:56 PM,4:51,MISS Shumpert 1' Driving Layup,,,,,4.0,202697,Iman Shumpert,1610612752.0,New York,Knicks,NYK,0,0,,,,,,0,0,,,,,,0
50,0041200211,54,4,0,1,3:56 PM,4:49,,,Hill REBOUND (Off:0 Def:2),,,5.0,201588,George Hill,1610612754.0,Indiana,Pacers,IND,0,0,,,,,,0,0,,,,,,0
51,0041200211,55,2,1,1,3:57 PM,4:32,,,MISS Stephenson 25' 3PT Jump Shot,,,5.0,202362,Lance Stephenson,1610612754.0,Indiana,Pacers,IND,0,0,,,,,,0,0,,,,,,0
52,0041200211,56,4,0,1,3:57 PM,4:31,Felton REBOUND (Off:0 Def:1),,,,,4.0,101109,Raymond Felton,1610612752.0,New York,Knicks,NYK,0,0,,,,,,0,0,,,,,,0
53,0041200211,57,1,42,1,3:57 PM,4:26,Felton 1' Driving Layup (6 PTS),,,10 - 14,4,4.0,101109,Raymond Felton,1610612752.0,New York,Knicks,NYK,0,0,,,,,,0,0,,,,,,0
54,0041200211,58,2,1,1,3:57 PM,4:07,,,MISS Hill 5' Jump Shot,,,5.0,201588,George Hill,1610612754.0,Indiana,Pacers,IND,0,0,,,,,,0,0,,,,,,0
55,0041200211,60,4,0,1,3:57 PM,4:05,,,Hibbert REBOUND (Off:1 Def:1),,,5.0,201579,Roy Hibbert,1610612754.0,Indiana,Pacers,IND,0,0,,,,,,0,0,,,,,,0
56,0041200211,59,1,8,1,3:57 PM,4:05,,,Stephenson 1' Slam Dunk (2 PTS) (Hibbert 1 AST),12 - 14,2,5.0,202362,Lance Stephenson,1610612754.0,Indiana,Pacers,IND,5,201579,Roy Hibbert,1610612754.0,Indiana,Pacers,IND,0,0,,,,,,0
57,0041200211,61,9,1,1,3:58 PM,3:57,KNICKS Timeout: Regular (Full 1 Short 0),,,,,2.0,1610612752,,,,,,0,0,,,,,,0,0,,,,,,0
58,0041200211,69,8,0,1,3:58 PM,3:57,,,SUB: T. Hansbrough FOR West,,,5.0,2561,David West,1610612754.0,Indiana,Pacers,IND,5,201946,Tyler Hansbrough,1610612754.0,Indiana,Pacers,IND,0,0,,,,,,0
59,0041200211,63,8,0,1,4:01 PM,3:57,SUB: Smith FOR Prigioni,,,,,4.0,203143,Pablo Prigioni,1610612752.0,New York,Knicks,NYK,4,2747,JR Smith,1610612752.0,New York,Knicks,NYK,0,0,,,,,,0
60,0041200211,64,1,5,1,4:01 PM,3:43,Anthony 1' Layup (2 PTS),,,12 - 16,4,4.0,2546,Carmelo Anthony,1610612752.0,New York,Knicks,NYK,0,0,,,,,,0,0,,,,,,0
61,0041200211,65,2,5,1,4:01 PM,3:33,,,MISS Hill 3' Layup,,,5.0,201588,George Hill,1610612754.0,Indiana,Pacers,IND,0,0,,,,,,0,0,,,,,,0
62,0041200211,67,4,0,1,4:01 PM,3:32,,,T. Hansbrough REBOUND (Off:1 Def:0),,,5.0,201946,Tyler Hansbrough,1610612754.0,Indiana,Pacers,IND,0,0,,,,,,0,0,,,,,,0
63,0041200211,75,2,53,1,4:01 PM,3:32,,,MISS T. Hansbrough 1' Tip Shot,,,5.0,201946,Tyler Hansbrough,1610612754.0,Indiana,Pacers,IND,0,0,,,,,,0,0,,,,,,0
64,0041200211,76,4,0,1,4:01 PM,3:32,,,T. Hansbrough REBOUND (Off:2 Def:0),,,5.0,201946,Tyler Hansbrough,1610612754.0,Indiana,Pacers,IND,0,0,,,,,,0,0,,,,,,0
65,0041200211,66,1,1,1,4:01 PM,3:29,,,George 3PT Jump Shot (3 PTS) (T. Hansbrough 1 AST),15 - 16,1,5.0,202331,Paul George,1610612754.0,Indiana,Pacers,IND,5,201946,Tyler Hansbrough,1610612754.0,Indiana,Pacers,IND,0,0,,,,,,0
66,0041200211,68,1,78,1,4:01 PM,3:11,Felton 8' Floating Jump Shot (8 PTS),,,15 - 18,3,4.0,101109,Raymond Felton,1610612752.0,New York,Knicks,NYK,0,0,,,,,,0,0,,,,,,0
67,0041200211,72,6,2,1,4:02 PM,2:49,Chandler S.FOUL (P1.T1),,,,,4.0,2199,Tyson Chandler,1610612752.0,New York,Knicks,NYK,5,202331,Paul George,1610612754.0,Indiana,Pacers,IND,1,0,,,,,,0
68,0041200211,73,9,1,1,4:02 PM,2:49,,,Pacers Timeout: Regular (Reg.1 Short 0),,,3.0,1610612754,,,,,,0,0,,,,,,0,0,,,,,,0
69,0041200211,77,8,0,1,4:05 PM,2:49,SUB: Martin FOR Shumpert,,,,,4.0,202697,Iman Shumpert,1610612752.0,New York,Knicks,NYK,4,2030,Kenyon Martin,1610612752.0,New York,Knicks,NYK,0,0,,,,,,0
70,0041200211,80,3,11,1,4:06 PM,2:49,,,George Free Throw 1 of 2 (4 PTS),16 - 18,2,5.0,202331,Paul George,1610612754.0,Indiana,Pacers,IND,0,0,,,,,,0,0,,,,,,0
71,0041200211,82,3,12,1,4:06 PM,2:49,,,George Free Throw 2 of 2 (5 PTS),17 - 18,1,5.0,202331,Paul George,1610612754.0,Indiana,Pacers,IND,0,0,,,,,,0,0,,,,,,0
72,0041200211,84,5,4,1,4:06 PM,2:38,Anthony Traveling Turnover (P1.T1),,,,,4.0,2546,Carmelo Anthony,1610612752.0,New York,Knicks,NYK,0,0,,,,,,1,0,,,,,,0
73,0041200211,85,6,2,1,4:07 PM,2:22,Felton S.FOUL (P1.T2),,,,,4.0,101109,Raymond Felton,1610612752.0,New York,Knicks,NYK,5,201946,Tyler Hansbrough,1610612754.0,Indiana,Pacers,IND,1,0,,,,,,0
74,0041200211,86,3,11,1,4:07 PM,2:22,,,T. Hansbrough Free Throw 1 of 2 (1 PTS),18 - 18,TIE,5.0,201946,Tyler Hansbrough,1610612754.0,Indiana,Pacers,IND,0,0,,,,,,0,0,,,,,,0
75,0041200211,88,8,0,1,4:07 PM,2:22,,,SUB: Augustin FOR Hill,,,5.0,201588,George Hill,1610612754.0,Indiana,Pacers,IND,5,201571,D.J. Augustin,1610612754.0,Indiana,Pacers,IND,0,0,,,,,,0
76,0041200211,89,8,0,1,4:07 PM,2:22,,,SUB: Young FOR Stephenson,,,5.0,202362,Lance Stephenson,1610612754.0,Indiana,Pacers,IND,5,201970,Sam Young,1610612754.0,Indiana,Pacers,IND,0,0,,,,,,0
77,0041200211,90,3,12,1,4:07 PM,2:22,,,T. Hansbrough Free Throw 2 of 2 (2 PTS),19 - 18,-1,5.0,201946,Tyler Hansbrough,1610612754.0,Indiana,Pacers,IND,0,0,,,,,,0,0,,,,,,0
78,0041200211,92,2,47,1,4:08 PM,2:07,MISS Smith 16' Turnaround Jump Shot,,,,,4.0,2747,JR Smith,1610612752.0,New York,Knicks,NYK,0,0,,,,,,0,0,,,,,,0
79,0041200211,93,4,0,1,4:08 PM,2:05,,,Young REBOUND (Off:0 Def:1),,,5.0,201970,Sam Young,1610612754.0,Indiana,Pacers,IND,0,0,,,,,,0,0,,,,,,0
80,0041200211,94,6,1,1,4:08 PM,1:54,Chandler P.FOUL (P2.T3),,,,,4.0,2199,Tyson Chandler,1610612752.0,New York,Knicks,NYK,5,201579,Roy Hibbert,1610612754.0,Indiana,Pacers,IND,1,0,,,,,,0
81,0041200211,95,8,0,1,4:08 PM,1:54,SUB: Kidd FOR Chandler,,,,,4.0,2199,Tyson Chandler,1610612752.0,New York,Knicks,NYK,4,467,Jason Kidd,1610612752.0,New York,Knicks,NYK,0,0,,,,,,0
82,0041200211,96,1,1,1,4:09 PM,1:48,,,Augustin 24' 3PT Jump Shot (3 PTS) (Hibbert 2 AST),22 - 18,-4,5.0,201571,D.J. Augustin,1610612754.0,Indiana,Pacers,IND,5,201579,Roy Hibbert,1610612754.0,Indiana,Pacers,IND,0,0,,,,,,0
83,0041200211,97,1,1,1,4:09 PM,1:33,Anthony 19' Jump Shot (4 PTS) (Martin 1 AST),,,22 - 20,-2,4.0,2546,Carmelo Anthony,1610612752.0,New York,Knicks,NYK,4,2030,Kenyon Martin,1610612752.0,New York,Knicks,NYK,0,0,,,,,,0
84,0041200211,98,6,6,1,4:09 PM,1:33,,,Young AWAY.FROM.PLAY.FOUL (P1.T2),,,5.0,201970,Sam Young,1610612754.0,Indiana,Pacers,IND,4,101109,Raymond Felton,1610612752.0,New York,Knicks,NYK,1,0,,,,,,0
85,0041200211,99,3,10,1,4:09 PM,1:33,Felton Free Throw 1 of 1 (9 PTS),,,22 - 21,-1,4.0,101109,Raymond Felton,1610612752.0,New York,Knicks,NYK,0,0,,,,,,0,0,,,,,,0
86,0041200211,100,5,1,1,4:10 PM,1:20,,,Young Bad Pass Turnover (P1.T3),,,5.0,201970,Sam Young,1610612754.0,Indiana,Pacers,IND,0,0,,,,,,0,0,,,,,,0
87,0041200211,101,1,1,1,4:10 PM,1:03,Smith 24' 3PT Jump Shot (3 PTS) (Anthony 1 AST),,,22 - 24,2,4.0,2747,JR Smith,1610612752.0,New York,Knicks,NYK,4,2546,Carmelo Anthony,1610612752.0,New York,Knicks,NYK,0,0,,,,,,0
88,0041200211,102,2,5,1,4:10 PM,0:50,Martin BLOCK (1 BLK),,MISS George 2' Layup,,,5.0,202331,Paul George,1610612754.0,Indiana,Pacers,IND,0,0,,,,,,4,2030,Kenyon Martin,1610612752.0,New York,Knicks,NYK,0
89,0041200211,103,4,0,1,4:10 PM,0:46,Anthony REBOUND (Off:0 Def:5),,,,,4.0,2546,Carmelo Anthony,1610612752.0,New York,Knicks,NYK,0,0,,,,,,0,0,,,,,,0
90,0041200211,104,1,1,1,4:10 PM,0:40,Felton 25' 3PT Jump Shot (12 PTS) (Kidd 1 AST),,,22 - 27,5,4.0,101109,Raymond Felton,1610612752.0,New York,Knicks,NYK,4,467,Jason Kidd,1610612752.0,New York,Knicks,NYK,0,0,,,,,,0
91,0041200211,106,5,40,1,4:11 PM,0:30,,,Young Out of Bounds Lost Ball Turnover (P2.T4),,,5.0,201970,Sam Young,1610612754.0,Indiana,Pacers,IND,0,0,,,,,,0,0,,,,,,0
92,0041200211,107,2,1,1,4:11 PM,0:09,MISS Kidd 24' 3PT Jump Shot,,,,,4.0,467,Jason Kidd,1610612752.0,New York,Knicks,NYK,0,0,,,,,,0,0,,,,,,0
93,0041200211,108,4,0,1,4:11 PM,0:07,,,Young REBOUND (Off:0 Def:2),,,5.0,201970,Sam Young,1610612754.0,Indiana,Pacers,IND,0,0,,,,,,0,0,,,,,,0
94,0041200211,109,5,21,1,4:11 PM,0:02,,,Young Palming Turnover (P3.T5),,,5.0,201970,Sam Young,1610612754.0,Indiana,Pacers,IND,0,0,,,,,,1,0,,,,,,0
95,0041200211,110,2,1,1,4:12 PM,0:00,MISS Smith 28' 3PT Jump Shot,,,,,4.0,2747,JR Smith,1610612752.0,New York,Knicks,NYK,0,0,,,,,,0,0,,,,,,0
96,0041200211,111,4,0,1,4:12 PM,0:00,KNICKS Rebound,,,,,2.0,1610612752,,,,,,0,0,,,,,,0,0,,,,,,0
97,0041200211,112,13,0,1,4:12 PM,0:00,,End of 1st Period (4:12 PM EST),,22 - 27,5,0.0,0,,,,,,0,0,,,,,,0,0,,,,,,0
98,0041200211,114,12,0,2,4:16 PM,12:00,,Start of 2nd Period (4:16 PM EST),,22 - 27,5,0.0,0,,,,,,0,0,,,,,,0,0,,,,,,0
99,0041200211,115,2,1,2,4:16 PM,11:44,,,MISS T. Hansbrough 14' Jump Shot,,,5.0,201946,Tyler Hansbrough,1610612754.0,Indiana,Pacers,IND,0,0,,,,,,0,0,,,,,,0
100,0041200211,116,4,0,2,4:16 PM,11:42,Kidd REBOUND (Off:0 Def:1),,,,,4.0,467,Jason Kidd,1610612752.0,New York,Knicks,NYK,0,0,,,,,,0,0,,,,,,0
101,0041200211,117,6,1,2,4:16 PM,11:25,,,George P.FOUL (P1.T1),,,5.0,202331,Paul George,1610612754.0,Indiana,Pacers,IND,4,2747,JR Smith,1610612752.0,New York,Knicks,NYK,1,0,,,,,,0
102,0041200211,118,8,0,2,4:17 PM,11:25,,,SUB: Hill FOR George,,,5.0,202331,Paul George,1610612754.0,Indiana,Pacers,IND,5,201588,George Hill,1610612754.0,Indiana,Pacers,IND,0,0,,,,,,0
103,0041200211,119,1,1,2,4:17 PM,11:16,Martin 17' Jump Shot (2 PTS) (Smith 1 AST),,,22 - 29,7,4.0,2030,Kenyon Martin,1610612752.0,New York,Knicks,NYK,4,2747,JR Smith,1610612752.0,New York,Knicks,NYK,0,0,,,,,,0
104,0041200211,120,1,57,2,4:17 PM,10:59,,,Hibbert 5' Driving Hook Shot (4 PTS),24 - 29,5,5.0,201579,Roy Hibbert,1610612754.0,Indiana,Pacers,IND,0,0,,,,,,0,0,,,,,,0
105,0041200211,121,2,1,2,4:18 PM,10:33,MISS Smith 24' 3PT Jump Shot,,,,,4.0,2747,JR Smith,1610612752.0,New York,Knicks,NYK,0,0,,,,,,0,0,,,,,,0
106,0041200211,122,4,0,2,4:18 PM,10:31,,,T. Hansbrough REBOUND (Off:2 Def:1),,,5.0,201946,Tyler Hansbrough,1610612754.0,Indiana,Pacers,IND,0,0,,,,,,0,0,,,,,,0
107,0041200211,123,1,5,2,4:18 PM,10:10,,,T. Hansbrough 2' Layup (4 PTS) (Augustin 1 AST),26 - 29,3,5.0,201946,Tyler Hansbrough,1610612754.0,Indiana,Pacers,IND,5,201571,D.J. Augustin,1610612754.0,Indiana,Pacers,IND,0,0,,,,,,0
108,0041200211,124,1,1,2,4:18 PM,9:53,Copeland 25' 3PT Jump Shot (3 PTS) (Prigioni 2 AST),,,26 - 32,6,4.0,203142,Chris Copeland,1610612752.0,New York,Knicks,NYK,4,203143,Pablo Prigioni,1610612752.0,New York,Knicks,NYK,0,0,,,,,,0
109,0041200211,125,1,1,2,4:19 PM,9:26,,,Augustin 25' 3PT Jump Shot (6 PTS),29 - 32,3,5.0,201571,D.J. Augustin,1610612754.0,Indiana,Pacers,IND,0,0,,,,,,0,0,,,,,,0
110,0041200211,126,1,46,2,4:19 PM,9:03,Martin 4' Running Jump Shot (4 PTS) (Prigioni 3 AST),,,29 - 34,5,4.0,2030,Kenyon Martin,1610612752.0,New York,Knicks,NYK,4,203143,Pablo Prigioni,1610612752.0,New York,Knicks,NYK,0,0,,,,,,0
111,0041200211,127,6,2,2,4:20 PM,8:35,Prigioni S.FOUL (P1.T1),,,,,4.0,203143,Pablo Prigioni,1610612752.0,New York,Knicks,NYK,5,201571,D.J. Augustin,1610612754.0,Indiana,Pacers,IND,1,0,,,,,,0
112,0041200211,128,9,4,2,4:20 PM,8:35,,Timeout: Official,,,,1.0,0,,,,,,0,0,,,,,,0,0,,,,,,0
113,0041200211,129,8,0,2,4:23 PM,8:35,,,SUB: West FOR T. Hansbrough,,,5.0,201946,Tyler Hansbrough,1610612754.0,Indiana,Pacers,IND,5,2561,David West,1610612754.0,Indiana,Pacers,IND,0,0,,,,,,0
114,0041200211,130,8,0,2,4:23 PM,8:35,,,SUB: Stephenson FOR Young,,,5.0,201970,Sam Young,1610612754.0,Indiana,Pacers,IND,5,202362,Lance Stephenson,1610612754.0,Indiana,Pacers,IND,0,0,,,,,,0
115,0041200211,132,8,0,2,4:23 PM,8:35,,,SUB: Mahinmi FOR Hibbert,,,5.0,201579,Roy Hibbert,1610612754.0,Indiana,Pacers,IND,5,101133,Ian Mahinmi,1610612754.0,Indiana,Pacers,IND,0,0,,,,,,0
116,0041200211,133,3,11,2,4:23 PM,8:35,,,MISS Augustin Free Throw 1 of 2,,,5.0,201571,D.J. Augustin,1610612754.0,Indiana,Pacers,IND,0,0,,,,,,0,0,,,,,,0
117,0041200211,134,4,1,2,4:23 PM,8:35,,,Pacers Rebound,,,3.0,1610612754,,,,,,0,0,,,,,,0,0,,,,,,0
118,0041200211,135,3,12,2,4:24 PM,8:35,,,Augustin Free Throw 2 of 2 (7 PTS),30 - 34,4,5.0,201571,D.J. Augustin,1610612754.0,Indiana,Pacers,IND,0,0,,,,,,0,0,,,,,,0
119,0041200211,137,6,4,2,4:24 PM,8:21,Prigioni OFF.Foul (P2),,,,,4.0,203143,Pablo Prigioni,1610612752.0,New York,Knicks,NYK,5,201571,D.J. Augustin,1610612754.0,Indiana,Pacers,IND,1,0,,,,,,0
120,0041200211,138,5,5,2,4:24 PM,8:21,Prigioni Foul Turnover (P1.T2),,,,,4.0,203143,Pablo Prigioni,1610612752.0,New York,Knicks,NYK,0,0,,,,,,1,0,,,,,,0
121,0041200211,139,1,1,2,4:25 PM,7:59,,,Augustin 25' 3PT Jump Shot (10 PTS) (Hill 3 AST),33 - 34,1,5.0,201571,D.J. Augustin,1610612754.0,Indiana,Pacers,IND,5,201588,George Hill,1610612754.0,Indiana,Pacers,IND,0,0,,,,,,0
122,0041200211,140,6,2,2,4:25 PM,7:45,,,Augustin S.FOUL (P1.T2),,,5.0,201571,D.J. Augustin,1610612754.0,Indiana,Pacers,IND,4,2030,Kenyon Martin,1610612752.0,New York,Knicks,NYK,1,0,,,,,,0
123,0041200211,141,3,11,2,4:25 PM,7:45,MISS Martin Free Throw 1 of 2,,,,,4.0,2030,Kenyon Martin,1610612752.0,New York,Knicks,NYK,0,0,,,,,,0,0,,,,,,0
124,0041200211,142,4,1,2,4:25 PM,7:45,KNICKS Rebound,,,,,2.0,1610612752,,,,,,0,0,,,,,,0,0,,,,,,0
125,0041200211,143,8,0,2,4:25 PM,7:45,,,SUB: George FOR Augustin,,,5.0,201571,D.J. Augustin,1610612754.0,Indiana,Pacers,IND,5,202331,Paul George,1610612754.0,Indiana,Pacers,IND,0,0,,,,,,0
126,0041200211,144,8,0,2,4:26 PM,7:45,SUB: Felton FOR Prigioni,,,,,4.0,203143,Pablo Prigioni,1610612752.0,New York,Knicks,NYK,4,101109,Raymond Felton,1610612752.0,New York,Knicks,NYK,0,0,,,,,,0
127,0041200211,145,8,0,2,4:26 PM,7:45,SUB: Anthony FOR Kidd,,,,,4.0,467,Jason Kidd,1610612752.0,New York,Knicks,NYK,4,2546,Carmelo Anthony,1610612752.0,New York,Knicks,NYK,0,0,,,,,,0
128,0041200211,146,8,0,2,4:26 PM,7:45,SUB: Shumpert FOR Copeland,,,,,4.0,203142,Chris Copeland,1610612752.0,New York,Knicks,NYK,4,202697,Iman Shumpert,1610612752.0,New York,Knicks,NYK,0,0,,,,,,0
129,0041200211,147,3,12,2,4:26 PM,7:45,Martin Free Throw 2 of 2 (5 PTS),,,33 - 35,2,4.0,2030,Kenyon Martin,1610612752.0,New York,Knicks,NYK,0,0,,,,,,0,0,,,,,,0
130,0041200211,149,6,2,2,4:26 PM,7:31,Martin S.FOUL (P1.T2),,,,,4.0,2030,Kenyon Martin,1610612752.0,New York,Knicks,NYK,5,2561,David West,1610612754.0,Indiana,Pacers,IND,1,0,,,,,,0
131,0041200211,150,3,11,2,4:26 PM,7:31,,,West Free Throw 1 of 2 (7 PTS),34 - 35,1,5.0,2561,David West,1610612754.0,Indiana,Pacers,IND,0,0,,,,,,0,0,,,,,,0
132,0041200211,152,3,12,2,4:27 PM,7:31,,,West Free Throw 2 of 2 (8 PTS),35 - 35,TIE,5.0,2561,David West,1610612754.0,Indiana,Pacers,IND,0,0,,,,,,0,0,,,,,,0
133,0041200211,154,2,1,2,4:27 PM,7:15,MISS Martin 17' Jump Shot,,,,,4.0,2030,Kenyon Martin,1610612752.0,New York,Knicks,NYK,0,0,,,,,,0,0,,,,,,0
134,0041200211,155,4,0,2,4:27 PM,7:13,,,Stephenson REBOUND (Off:0 Def:5),,,5.0,202362,Lance Stephenson,1610612754.0,Indiana,Pacers,IND,0,0,,,,,,0,0,,,,,,0
135,0041200211,156,2,1,2,4:27 PM,7:06,,,MISS Hill 3PT Jump Shot,,,5.0,201588,George Hill,1610612754.0,Indiana,Pacers,IND,0,0,,,,,,0,0,,,,,,0
136,0041200211,157,4,0,2,4:27 PM,7:04,,,Mahinmi REBOUND (Off:1 Def:0),,,5.0,101133,Ian Mahinmi,1610612754.0,Indiana,Pacers,IND,0,0,,,,,,0,0,,,,,,0
137,0041200211,158,2,1,2,4:28 PM,6:50,,,MISS Stephenson 20' Jump Shot,,,5.0,202362,Lance Stephenson,1610612754.0,Indiana,Pacers,IND,0,0,,,,,,0,0,,,,,,0
138,0041200211,159,4,0,2,4:28 PM,6:48,Anthony REBOUND (Off:0 Def:6),,,,,4.0,2546,Carmelo Anthony,1610612752.0,New York,Knicks,NYK,0,0,,,,,,0,0,,,,,,0
139,0041200211,160,1,1,2,4:28 PM,6:31,Anthony 15' Jump Shot (6 PTS),,,35 - 37,2,4.0,2546,Carmelo Anthony,1610612752.0,New York,Knicks,NYK,0,0,,,,,,0,0,,,,,,0
140,0041200211,161,1,1,2,4:28 PM,6:05,,,George 18' Jump Shot (7 PTS),37 - 37,TIE,5.0,202331,Paul George,1610612754.0,Indiana,Pacers,IND,0,0,,,,,,0,0,,,,,,0
141,0041200211,162,1,1,2,4:29 PM,5:48,Shumpert 3PT Jump Shot (9 PTS) (Felton 2 AST),,,37 - 40,3,4.0,202697,Iman Shumpert,1610612752.0,New York,Knicks,NYK,4,101109,Raymond Felton,1610612752.0,New York,Knicks,NYK,0,0,,,,,,0
142,0041200211,163,1,47,2,4:29 PM,5:22,,,West 7' Turnaround Jump Shot (10 PTS),39 - 40,1,5.0,2561,David West,1610612754.0,Indiana,Pacers,IND,0,0,,,,,,0,0,,,,,,0
143,0041200211,164,2,42,2,4:29 PM,5:08,MISS Anthony 3' Driving Layup,,Mahinmi BLOCK (1 BLK),,,4.0,2546,Carmelo Anthony,1610612752.0,New York,Knicks,NYK,0,0,,,,,,5,101133,Ian Mahinmi,1610612754.0,Indiana,Pacers,IND,0
144,0041200211,165,4,0,2,4:29 PM,5:05,Anthony REBOUND (Off:1 Def:6),,,,,4.0,2546,Carmelo Anthony,1610612752.0,New York,Knicks,NYK,0,0,,,,,,0,0,,,,,,0
145,0041200211,166,1,5,2,4:30 PM,5:04,Anthony 3' Layup (8 PTS),,,39 - 42,3,4.0,2546,Carmelo Anthony,1610612752.0,New York,Knicks,NYK,0,0,,,,,,0,0,,,,,,0
146,0041200211,167,6,2,2,4:30 PM,4:54,Anthony S.FOUL (P1.T3),,,,,4.0,2546,Carmelo Anthony,1610612752.0,New York,Knicks,NYK,5,201588,George Hill,1610612754.0,Indiana,Pacers,IND,1,0,,,,,,0
147,0041200211,168,9,1,2,4:30 PM,4:54,KNICKS Timeout: Regular (Full 2 Short 0),,,,,2.0,1610612752,,,,,,0,0,,,,,,0,0,,,,,,0
148,0041200211,171,8,0,2,4:33 PM,4:54,SUB: Kidd FOR Smith,,,,,4.0,2747,JR Smith,1610612752.0,New York,Knicks,NYK,4,467,Jason Kidd,1610612752.0,New York,Knicks,NYK,0,0,,,,,,0
149,0041200211,172,3,11,2,4:33 PM,4:54,,,Hill Free Throw 1 of 2 (3 PTS),40 - 42,2,5.0,201588,George Hill,1610612754.0,Indiana,Pacers,IND,0,0,,,,,,0,0,,,,,,0
150,0041200211,174,3,12,2,4:34 PM,4:54,,,Hill Free Throw 2 of 2 (4 PTS),41 - 42,1,5.0,201588,George Hill,1610612754.0,Indiana,Pacers,IND,0,0,,,,,,0,0,,,,,,0
151,0041200211,176,5,1,2,4:34 PM,4:41,Shumpert Bad Pass Turnover (P1.T3),,,,,4.0,202697,Iman Shumpert,1610612752.0,New York,Knicks,NYK,0,0,,,,,,0,0,,,,,,0
152,0041200211,177,5,1,2,4:34 PM,4:27,Martin STEAL (1 STL),,George Bad Pass Turnover (P2.T6),,,5.0,202331,Paul George,1610612754.0,Indiana,Pacers,IND,4,2030,Kenyon Martin,1610612752.0,New York,Knicks,NYK,0,0,,,,,,0
153,0041200211,178,2,1,2,4:35 PM,4:16,MISS Anthony 25' 3PT Jump Shot,,,,,4.0,2546,Carmelo Anthony,1610612752.0,New York,Knicks,NYK,0,0,,,,,,0,0,,,,,,0
154,0041200211,179,4,0,2,4:35 PM,4:14,,,Stephenson REBOUND (Off:0 Def:6),,,5.0,202362,Lance Stephenson,1610612754.0,Indiana,Pacers,IND,0,0,,,,,,0,0,,,,,,0
155,0041200211,180,1,1,2,4:35 PM,3:55,,,Stephenson 19' Jump Shot (4 PTS),43 - 42,-1,5.0,202362,Lance Stephenson,1610612754.0,Indiana,Pacers,IND,0,0,,,,,,0,0,,,,,,0
156,0041200211,181,2,1,2,4:35 PM,3:28,MISS Shumpert 20' Jump Shot,,,,,4.0,202697,Iman Shumpert,1610612752.0,New York,Knicks,NYK,0,0,,,,,,0,0,,,,,,0
157,0041200211,182,4,0,2,4:35 PM,3:28,KNICKS Rebound,,,,,2.0,1610612752,,,,,,0,0,,,,,,0,0,,,,,,0
158,0041200211,183,6,3,2,4:36 PM,3:28,,,George L.B.FOUL (P2.T3),,,5.0,202331,Paul George,1610612754.0,Indiana,Pacers,IND,4,2546,Carmelo Anthony,1610612752.0,New York,Knicks,NYK,1,0,,,,,,0
159,0041200211,184,8,0,2,4:36 PM,3:28,SUB: Chandler FOR Martin,,,,,4.0,2030,Kenyon Martin,1610612752.0,New York,Knicks,NYK,4,2199,Tyson Chandler,1610612752.0,New York,Knicks,NYK,0,0,,,,,,0
160,0041200211,185,8,0,2,4:36 PM,3:28,,,SUB: Hibbert FOR Mahinmi,,,5.0,101133,Ian Mahinmi,1610612754.0,Indiana,Pacers,IND,5,201579,Roy Hibbert,1610612754.0,Indiana,Pacers,IND,0,0,,,,,,0
161,0041200211,188,2,1,2,4:37 PM,3:13,MISS Anthony 4' Jump Shot,,,,,4.0,2546,Carmelo Anthony,1610612752.0,New York,Knicks,NYK,0,0,,,,,,0,0,,,,,,0
162,0041200211,189,4,0,2,4:37 PM,3:12,,,Hill REBOUND (Off:0 Def:3),,,5.0,201588,George Hill,1610612754.0,Indiana,Pacers,IND,0,0,,,,,,0,0,,,,,,0
163,0041200211,190,1,1,2,4:38 PM,3:05,,,Hibbert 19' Jump Shot (6 PTS) (Stephenson 1 AST),45 - 42,-3,5.0,201579,Roy Hibbert,1610612754.0,Indiana,Pacers,IND,5,202362,Lance Stephenson,1610612754.0,Indiana,Pacers,IND,0,0,,,,,,0
164,0041200211,191,2,1,2,4:38 PM,2:52,MISS Felton 19' Jump Shot,,,,,4.0,101109,Raymond Felton,1610612752.0,New York,Knicks,NYK,0,0,,,,,,0,0,,,,,,0
165,0041200211,192,4,0,2,4:38 PM,2:50,,,Stephenson REBOUND (Off:0 Def:7),,,5.0,202362,Lance Stephenson,1610612754.0,Indiana,Pacers,IND,0,0,,,,,,0,0,,,,,,0
166,0041200211,193,2,1,2,4:38 PM,2:40,,,MISS West 17' Jump Shot,,,5.0,2561,David West,1610612754.0,Indiana,Pacers,IND,0,0,,,,,,0,0,,,,,,0
167,0041200211,194,4,0,2,4:38 PM,2:40,,,Pacers Rebound,,,3.0,1610612754,,,,,,0,0,,,,,,0,0,,,,,,0
168,0041200211,195,6,3,2,4:38 PM,2:40,Anthony L.B.FOUL (P2.T4),,,,,4.0,2546,Carmelo Anthony,1610612752.0,New York,Knicks,NYK,5,201579,Roy Hibbert,1610612754.0,Indiana,Pacers,IND,1,0,,,,,,0
169,0041200211,196,9,1,2,4:38 PM,2:40,,,Pacers Timeout: Regular (Reg.2 Short 0),,,3.0,1610612754,,,,,,0,0,,,,,,0,0,,,,,,0
170,0041200211,199,8,0,2,4:42 PM,2:40,SUB: Smith FOR Kidd,,,,,4.0,467,Jason Kidd,1610612752.0,New York,Knicks,NYK,4,2747,JR Smith,1610612752.0,New York,Knicks,NYK,0,0,,,,,,0
171,0041200211,200,5,2,2,4:42 PM,2:30,Anthony STEAL (1 STL),,West Lost Ball Turnover (P1.T7),,,5.0,2561,David West,1610612754.0,Indiana,Pacers,IND,4,2546,Carmelo Anthony,1610612752.0,New York,Knicks,NYK,0,0,,,,,,0
172,0041200211,202,1,78,2,4:43 PM,2:10,Felton 5' Floating Jump Shot (14 PTS),,,45 - 44,-1,4.0,101109,Raymond Felton,1610612752.0,New York,Knicks,NYK,0,0,,,,,,0,0,,,,,,0
173,0041200211,203,5,2,2,4:43 PM,1:53,Chandler STEAL (1 STL),,George Lost Ball Turnover (P3.T8),,,5.0,202331,Paul George,1610612754.0,Indiana,Pacers,IND,4,2199,Tyson Chandler,1610612752.0,New York,Knicks,NYK,0,0,,,,,,0
174,0041200211,204,2,5,2,4:43 PM,1:43,MISS Smith 3' Layup,,,,,4.0,2747,JR Smith,1610612752.0,New York,Knicks,NYK,0,0,,,,,,0,0,,,,,,0
175,0041200211,205,4,0,2,4:43 PM,1:42,,,George REBOUND (Off:0 Def:2),,,5.0,202331,Paul George,1610612754.0,Indiana,Pacers,IND,0,0,,,,,,0,0,,,,,,0
176,0041200211,206,1,5,2,4:43 PM,1:35,,,Stephenson 2' Layup (6 PTS) (George 2 AST),47 - 44,-3,5.0,202362,Lance Stephenson,1610612754.0,Indiana,Pacers,IND,5,202331,Paul George,1610612754.0,Indiana,Pacers,IND,0,0,,,,,,0
177,0041200211,207,6,1,2,4:44 PM,1:17,,,West P.FOUL (P1.T4),,,5.0,2561,David West,1610612754.0,Indiana,Pacers,IND,4,2546,Carmelo Anthony,1610612752.0,New York,Knicks,NYK,1,0,,,,,,0
178,0041200211,208,2,5,2,4:44 PM,1:10,MISS Anthony 1' Layup,,West BLOCK (1 BLK),,,4.0,2546,Carmelo Anthony,1610612752.0,New York,Knicks,NYK,0,0,,,,,,5,2561,David West,1610612754.0,Indiana,Pacers,IND,0
179,0041200211,209,4,0,2,4:44 PM,1:08,,,Hill REBOUND (Off:0 Def:4),,,5.0,201588,George Hill,1610612754.0,Indiana,Pacers,IND,0,0,,,,,,0,0,,,,,,0
180,0041200211,210,2,1,2,4:44 PM,0:57,,,MISS Stephenson 23' Jump Shot,,,5.0,202362,Lance Stephenson,1610612754.0,Indiana,Pacers,IND,0,0,,,,,,0,0,,,,,,0
181,0041200211,211,4,0,2,4:44 PM,0:55,Shumpert REBOUND (Off:0 Def:2),,,,,4.0,202697,Iman Shumpert,1610612752.0,New York,Knicks,NYK,0,0,,,,,,0,0,,,,,,0
182,0041200211,212,5,1,2,4:44 PM,0:50,Shumpert Bad Pass Turnover (P2.T4),,,,,4.0,202697,Iman Shumpert,1610612752.0,New York,Knicks,NYK,0,0,,,,,,0,0,,,,,,0
183,0041200211,213,1,1,2,4:45 PM,0:35,,,Hill 23' Jump Shot (6 PTS),49 - 44,-5,5.0,201588,George Hill,1610612754.0,Indiana,Pacers,IND,0,0,,,,,,0,0,,,,,,0
184,0041200211,214,2,42,2,4:45 PM,0:27,MISS Smith 3' Driving Layup,,Hibbert BLOCK (1 BLK),,,4.0,2747,JR Smith,1610612752.0,New York,Knicks,NYK,0,0,,,,,,5,201579,Roy Hibbert,1610612754.0,Indiana,Pacers,IND,0
185,0041200211,215,4,0,2,4:45 PM,0:26,KNICKS Rebound,,,,,2.0,1610612752,,,,,,0,0,,,,,,0,0,,,,,,0
186,0041200211,216,1,1,2,4:45 PM,0:24,Anthony 10' Jump Shot (10 PTS) (Shumpert 1 AST),,,49 - 46,-3,4.0,2546,Carmelo Anthony,1610612752.0,New York,Knicks,NYK,4,202697,Iman Shumpert,1610612752.0,New York,Knicks,NYK,0,0,,,,,,0
187,0041200211,217,9,2,2,4:46 PM,0:12,,,Pacers Timeout: Short (Reg.2 Short 1),,,3.0,1610612754,,,,,,0,0,,,,,,0,0,,,,,,0
188,0041200211,220,8,0,2,4:47 PM,0:12,SUB: Martin FOR Anthony,,,,,4.0,2546,Carmelo Anthony,1610612752.0,New York,Knicks,NYK,4,2030,Kenyon Martin,1610612752.0,New York,Knicks,NYK,0,0,,,,,,0
189,0041200211,221,8,0,2,4:47 PM,0:12,SUB: Camby FOR Chandler,,,,,4.0,2199,Tyson Chandler,1610612752.0,New York,Knicks,NYK,4,948,Marcus Camby,1610612752.0,New York,Knicks,NYK,0,0,,,,,,0
190,0041200211,222,1,1,2,4:47 PM,0:02,,,George 3PT Jump Shot (10 PTS) (Hill 4 AST),52 - 46,-6,5.0,202331,Paul George,1610612754.0,Indiana,Pacers,IND,5,201588,George Hill,1610612754.0,Indiana,Pacers,IND,0,0,,,,,,0
191,0041200211,223,18,0,2,4:48 PM,0:00,,Support Ruling,,,,,223,Bill Curley,,,,,0,0,,,,,,1,0,,,,,,0
192,0041200211,224,13,0,2,4:49 PM,0:00,,End of 2nd Period (4:49 PM EST),,52 - 46,-6,0.0,0,,,,,,0,0,,,,,,0,0,,,,,,0
193,0041200211,226,12,0,3,5:06 PM,12:00,,Start of 3rd Period (5:06 PM EST),,52 - 46,-6,0.0,0,,,,,,0,0,,,,,,0,0,,,,,,0
194,0041200211,227,5,1,3,5:06 PM,11:44,,,George Bad Pass Turnover (P4.T9),,,5.0,202331,Paul George,1610612754.0,Indiana,Pacers,IND,0,0,,,,,,0,0,,,,,,0
195,0041200211,228,7,5,3,5:07 PM,11:29,,,West Violation:Kicked Ball,,,5.0,2561,David West,1610612754.0,Indiana,Pacers,IND,0,0,,,,,,1,0,,,,,,0
196,0041200211,229,2,5,3,5:07 PM,11:18,MISS Anthony 2' Layup,,,,,4.0,2546,Carmelo Anthony,1610612752.0,New York,Knicks,NYK,0,0,,,,,,0,0,,,,,,0
197,0041200211,230,4,0,3,5:07 PM,11:17,,,Hibbert REBOUND (Off:1 Def:2),,,5.0,201579,Roy Hibbert,1610612754.0,Indiana,Pacers,IND,0,0,,,,,,0,0,,,,,,0
198,0041200211,231,1,1,3,5:07 PM,11:10,,,Hill 26' 3PT Jump Shot (9 PTS),55 - 46,-9,5.0,201588,George Hill,1610612754.0,Indiana,Pacers,IND,0,0,,,,,,0,0,,,,,,0
199,0041200211,232,1,1,3,5:07 PM,10:53,Felton 19' Jump Shot (16 PTS) (Prigioni 4 AST),,,55 - 48,-7,4.0,101109,Raymond Felton,1610612752.0,New York,Knicks,NYK,4,203143,Pablo Prigioni,1610612752.0,New York,Knicks,NYK,0,0,,,,,,0
200,0041200211,233,2,1,3,5:08 PM,10:28,,,MISS George 21' Jump Shot,,,5.0,202331,Paul George,1610612754.0,Indiana,Pacers,IND,0,0,,,,,,0,0,,,,,,0
201,0041200211,234,4,0,3,5:08 PM,10:26,,,Stephenson REBOUND (Off:1 Def:7),,,5.0,202362,Lance Stephenson,1610612754.0,Indiana,Pacers,IND,0,0,,,,,,0,0,,,,,,0
202,0041200211,235,2,1,3,5:08 PM,10:22,,,MISS Stephenson 25' 3PT Jump Shot,,,5.0,202362,Lance Stephenson,1610612754.0,Indiana,Pacers,IND,0,0,,,,,,0,0,,,,,,0
203,0041200211,236,4,0,3,5:08 PM,10:20,Anthony REBOUND (Off:1 Def:7),,,,,4.0,2546,Carmelo Anthony,1610612752.0,New York,Knicks,NYK,0,0,,,,,,0,0,,,,,,0
204,0041200211,237,2,5,3,5:08 PM,10:14,MISS Anthony 3' Layup,,Hibbert BLOCK (2 BLK),,,4.0,2546,Carmelo Anthony,1610612752.0,New York,Knicks,NYK,0,0,,,,,,5,201579,Roy Hibbert,1610612754.0,Indiana,Pacers,IND,0
205,0041200211,238,4,0,3,5:08 PM,10:13,KNICKS Rebound,,,,,2.0,1610612752,,,,,,0,0,,,,,,0,0,,,,,,0
206,0041200211,239,2,1,3,5:08 PM,10:11,MISS Anthony 15' Jump Shot,,,,,4.0,2546,Carmelo Anthony,1610612752.0,New York,Knicks,NYK,0,0,,,,,,0,0,,,,,,0
207,0041200211,240,4,0,3,5:08 PM,10:09,,,Stephenson REBOUND (Off:1 Def:8),,,5.0,202362,Lance Stephenson,1610612754.0,Indiana,Pacers,IND,0,0,,,,,,0,0,,,,,,0
208,0041200211,241,1,7,3,5:09 PM,9:54,,,West 1' Dunk (12 PTS) (George 3 AST),57 - 48,-9,5.0,2561,David West,1610612754.0,Indiana,Pacers,IND,5,202331,Paul George,1610612754.0,Indiana,Pacers,IND,0,0,,,,,,0
209,0041200211,242,5,1,3,5:09 PM,9:28,Chandler Bad Pass Turnover (P1.T5),,Stephenson STEAL (1 STL),,,4.0,2199,Tyson Chandler,1610612752.0,New York,Knicks,NYK,5,202362,Lance Stephenson,1610612754.0,Indiana,Pacers,IND,0,0,,,,,,0
210,0041200211,243,6,2,3,5:09 PM,9:24,Anthony S.FOUL (P3.T1),,,,,4.0,2546,Carmelo Anthony,1610612752.0,New York,Knicks,NYK,5,202362,Lance Stephenson,1610612754.0,Indiana,Pacers,IND,1,0,,,,,,0
211,0041200211,245,3,10,3,5:10 PM,9:24,,,MISS Stephenson Free Throw 1 of 1,,,5.0,202362,Lance Stephenson,1610612754.0,Indiana,Pacers,IND,0,0,,,,,,0,0,,,,,,0
212,0041200211,248,4,0,3,5:10 PM,9:24,,,Pacers Rebound,,,3.0,1610612754,,,,,,0,0,,,,,,0,0,,,,,,0
213,0041200211,247,3,12,3,5:10 PM,9:24,,,Stephenson Free Throw 2 of 2 (7 PTS),58 - 48,-10,5.0,202362,Lance Stephenson,1610612754.0,Indiana,Pacers,IND,0,0,,,,,,0,0,,,,,,0
214,0041200211,250,1,8,3,5:10 PM,9:06,Anthony 2' Slam Dunk (12 PTS) (Prigioni 5 AST),,,58 - 50,-8,4.0,2546,Carmelo Anthony,1610612752.0,New York,Knicks,NYK,4,203143,Pablo Prigioni,1610612752.0,New York,Knicks,NYK,0,0,,,,,,0
215,0041200211,251,1,1,3,5:11 PM,8:43,,,Hill 13' Jump Shot (11 PTS) (West 1 AST),60 - 50,-10,5.0,201588,George Hill,1610612754.0,Indiana,Pacers,IND,5,2561,David West,1610612754.0,Indiana,Pacers,IND,0,0,,,,,,0
216,0041200211,252,1,1,3,5:11 PM,8:24,Shumpert 20' Jump Shot (11 PTS),,,60 - 52,-8,4.0,202697,Iman Shumpert,1610612752.0,New York,Knicks,NYK,0,0,,,,,,0,0,,,,,,0
217,0041200211,253,2,1,3,5:11 PM,8:12,,,MISS West 3' Jump Shot,,,5.0,2561,David West,1610612754.0,Indiana,Pacers,IND,0,0,,,,,,0,0,,,,,,0
218,0041200211,254,4,0,3,5:11 PM,8:10,Felton REBOUND (Off:0 Def:2),,,,,4.0,101109,Raymond Felton,1610612752.0,New York,Knicks,NYK,0,0,,,,,,0,0,,,,,,0
219,0041200211,255,1,8,3,5:12 PM,8:04,Chandler Slam Dunk (4 PTS) (Felton 3 AST),,,60 - 54,-6,4.0,2199,Tyson Chandler,1610612752.0,New York,Knicks,NYK,4,101109,Raymond Felton,1610612752.0,New York,Knicks,NYK,0,0,,,,,,0
220,0041200211,256,6,2,3,5:12 PM,7:48,Anthony S.FOUL (P4.T2),,,,,4.0,2546,Carmelo Anthony,1610612752.0,New York,Knicks,NYK,5,202331,Paul George,1610612754.0,Indiana,Pacers,IND,1,0,,,,,,0
221,0041200211,257,3,11,3,5:12 PM,7:48,,,George Free Throw 1 of 2 (11 PTS),61 - 54,-7,5.0,202331,Paul George,1610612754.0,Indiana,Pacers,IND,0,0,,,,,,0,0,,,,,,0
222,0041200211,259,8,0,3,5:12 PM,7:48,SUB: Smith FOR Prigioni,,,,,4.0,203143,Pablo Prigioni,1610612752.0,New York,Knicks,NYK,4,2747,JR Smith,1610612752.0,New York,Knicks,NYK,0,0,,,,,,0
223,0041200211,260,8,0,3,5:12 PM,7:48,SUB: Martin FOR Anthony,,,,,4.0,2546,Carmelo Anthony,1610612752.0,New York,Knicks,NYK,4,2030,Kenyon Martin,1610612752.0,New York,Knicks,NYK,0,0,,,,,,0
224,0041200211,261,3,12,3,5:12 PM,7:48,,,George Free Throw 2 of 2 (12 PTS),62 - 54,-8,5.0,202331,Paul George,1610612754.0,Indiana,Pacers,IND,0,0,,,,,,0,0,,,,,,0
225,0041200211,263,2,1,3,5:13 PM,7:31,MISS Shumpert 3PT Jump Shot,,,,,4.0,202697,Iman Shumpert,1610612752.0,New York,Knicks,NYK,0,0,,,,,,0,0,,,,,,0
226,0041200211,264,4,0,3,5:13 PM,7:29,,,Stephenson REBOUND (Off:1 Def:9),,,5.0,202362,Lance Stephenson,1610612754.0,Indiana,Pacers,IND,0,0,,,,,,0,0,,,,,,0
227,0041200211,265,2,1,3,5:13 PM,7:23,,,MISS George 25' 3PT Jump Shot,,,5.0,202331,Paul George,1610612754.0,Indiana,Pacers,IND,0,0,,,,,,0,0,,,,,,0
228,0041200211,266,4,0,3,5:13 PM,7:22,KNICKS Rebound,,,,,2.0,1610612752,,,,,,0,0,,,,,,0,0,,,,,,0
229,0041200211,267,6,2,3,5:14 PM,7:04,,,George S.FOUL (P3.T1),,,5.0,202331,Paul George,1610612754.0,Indiana,Pacers,IND,4,2747,JR Smith,1610612752.0,New York,Knicks,NYK,1,0,,,,,,0
230,0041200211,268,18,0,3,5:14 PM,7:04,,Support Ruling,,,,,267,,,,,,0,0,,,,,,1,0,,,,,,0
231,0041200211,269,3,13,3,5:15 PM,7:04,Smith Free Throw 1 of 3 (4 PTS),,,62 - 55,-7,4.0,2747,JR Smith,1610612752.0,New York,Knicks,NYK,0,0,,,,,,0,0,,,,,,0
232,0041200211,271,3,14,3,5:15 PM,7:04,Smith Free Throw 2 of 3 (5 PTS),,,62 - 56,-6,4.0,2747,JR Smith,1610612752.0,New York,Knicks,NYK,0,0,,,,,,0,0,,,,,,0
233,0041200211,273,3,15,3,5:15 PM,7:04,Smith Free Throw 3 of 3 (6 PTS),,,62 - 57,-5,4.0,2747,JR Smith,1610612752.0,New York,Knicks,NYK,0,0,,,,,,0,0,,,,,,0
234,0041200211,274,2,1,3,5:16 PM,6:49,,,MISS Hill 13' Jump Shot,,,5.0,201588,George Hill,1610612754.0,Indiana,Pacers,IND,0,0,,,,,,0,0,,,,,,0
235,0041200211,275,4,0,3,5:16 PM,6:47,,,Hibbert REBOUND (Off:2 Def:2),,,5.0,201579,Roy Hibbert,1610612754.0,Indiana,Pacers,IND,0,0,,,,,,0,0,,,,,,0
236,0041200211,276,1,3,3,5:16 PM,6:38,,,Hibbert 5' Hook Shot (8 PTS) (Hill 5 AST),64 - 57,-7,5.0,201579,Roy Hibbert,1610612754.0,Indiana,Pacers,IND,5,201588,George Hill,1610612754.0,Indiana,Pacers,IND,0,0,,,,,,0
237,0041200211,277,2,77,3,5:17 PM,6:22,MISS Smith 11' Driving Jump Shot,,,,,4.0,2747,JR Smith,1610612752.0,New York,Knicks,NYK,0,0,,,,,,0,0,,,,,,0
238,0041200211,278,4,0,3,5:17 PM,6:20,,,George REBOUND (Off:0 Def:3),,,5.0,202331,Paul George,1610612754.0,Indiana,Pacers,IND,0,0,,,,,,0,0,,,,,,0
239,0041200211,279,1,5,3,5:17 PM,6:10,,,Hibbert 2' Layup (10 PTS) (West 2 AST),66 - 57,-9,5.0,201579,Roy Hibbert,1610612754.0,Indiana,Pacers,IND,5,2561,David West,1610612754.0,Indiana,Pacers,IND,0,0,,,,,,0
240,0041200211,280,9,1,3,5:17 PM,6:06,KNICKS Timeout: Regular (Full 3 Short 0),,,,,2.0,1610612752,,,,,,0,0,,,,,,0,0,,,,,,0
241,0041200211,284,5,1,3,5:21 PM,5:48,Martin Bad Pass Turnover (P1.T6),,Stephenson STEAL (2 STL),,,4.0,2030,Kenyon Martin,1610612752.0,New York,Knicks,NYK,5,202362,Lance Stephenson,1610612754.0,Indiana,Pacers,IND,0,0,,,,,,0
242,0041200211,285,5,40,3,5:21 PM,5:42,,,Stephenson Out of Bounds Lost Ball Turnover (P1.T10),,,5.0,202362,Lance Stephenson,1610612754.0,Indiana,Pacers,IND,0,0,,,,,,0,0,,,,,,0
243,0041200211,286,6,2,3,5:21 PM,5:36,,,Hibbert S.FOUL (P2.T2),,,5.0,201579,Roy Hibbert,1610612754.0,Indiana,Pacers,IND,4,2747,JR Smith,1610612752.0,New York,Knicks,NYK,1,0,,,,,,0
244,0041200211,287,3,11,3,5:22 PM,5:36,MISS Smith Free Throw 1 of 2,,,,,4.0,2747,JR Smith,1610612752.0,New York,Knicks,NYK,0,0,,,,,,0,0,,,,,,0
245,0041200211,288,4,1,3,5:22 PM,5:36,KNICKS Rebound,,,,,2.0,1610612752,,,,,,0,0,,,,,,0,0,,,,,,0
246,0041200211,289,3,12,3,5:22 PM,5:36,MISS Smith Free Throw 2 of 2,,,,,4.0,2747,JR Smith,1610612752.0,New York,Knicks,NYK,0,0,,,,,,0,0,,,,,,0
247,0041200211,291,4,0,3,5:22 PM,5:35,,,Hibbert REBOUND (Off:2 Def:3),,,5.0,201579,Roy Hibbert,1610612754.0,Indiana,Pacers,IND,0,0,,,,,,0,0,,,,,,0
248,0041200211,292,2,1,3,5:22 PM,5:21,,,MISS Hibbert 3' Jump Shot,,,5.0,201579,Roy Hibbert,1610612754.0,Indiana,Pacers,IND,0,0,,,,,,0,0,,,,,,0
249,0041200211,294,4,0,3,5:22 PM,5:19,,,West REBOUND (Off:1 Def:1),,,5.0,2561,David West,1610612754.0,Indiana,Pacers,IND,0,0,,,,,,0,0,,,,,,0
250,0041200211,293,1,5,3,5:22 PM,5:19,,,West 2' Layup (14 PTS) (Hibbert 3 AST),68 - 57,-11,5.0,2561,David West,1610612754.0,Indiana,Pacers,IND,5,201579,Roy Hibbert,1610612754.0,Indiana,Pacers,IND,0,0,,,,,,0
251,0041200211,295,6,2,3,5:22 PM,5:19,Martin S.FOUL (P2.T3),,,,,4.0,2030,Kenyon Martin,1610612752.0,New York,Knicks,NYK,5,2561,David West,1610612754.0,Indiana,Pacers,IND,1,0,,,,,,0
252,0041200211,296,3,10,3,5:23 PM,5:19,,,West Free Throw 1 of 1 (15 PTS),69 - 57,-12,5.0,2561,David West,1610612754.0,Indiana,Pacers,IND,0,0,,,,,,0,0,,,,,,0
253,0041200211,298,2,5,3,5:23 PM,5:00,MISS Shumpert 2' Layup,,,,,4.0,202697,Iman Shumpert,1610612752.0,New York,Knicks,NYK,0,0,,,,,,0,0,,,,,,0
254,0041200211,300,4,0,3,5:23 PM,4:59,Martin REBOUND (Off:1 Def:0),,,,,4.0,2030,Kenyon Martin,1610612752.0,New York,Knicks,NYK,0,0,,,,,,0,0,,,,,,0
255,0041200211,299,1,72,3,5:23 PM,4:59,Martin 1' Putback Layup (7 PTS),,,69 - 59,-10,4.0,2030,Kenyon Martin,1610612752.0,New York,Knicks,NYK,0,0,,,,,,0,0,,,,,,0
256,0041200211,301,1,42,3,5:24 PM,4:42,,,Stephenson 2' Driving Layup (9 PTS),71 - 59,-12,5.0,202362,Lance Stephenson,1610612754.0,Indiana,Pacers,IND,0,0,,,,,,0,0,,,,,,0
257,0041200211,304,2,42,3,5:24 PM,4:33,MISS Smith 3' Driving Layup,,Hibbert BLOCK (3 BLK),,,4.0,2747,JR Smith,1610612752.0,New York,Knicks,NYK,0,0,,,,,,5,201579,Roy Hibbert,1610612754.0,Indiana,Pacers,IND,0
258,0041200211,305,4,0,3,5:24 PM,4:32,,,Pacers Rebound,,,3.0,1610612754,,,,,,0,0,,,,,,0,0,,,,,,0
259,0041200211,306,5,4,3,5:24 PM,4:18,,,Hibbert Traveling Turnover (P1.T11),,,5.0,201579,Roy Hibbert,1610612754.0,Indiana,Pacers,IND,0,0,,,,,,1,0,,,,,,0
260,0041200211,307,2,42,3,5:25 PM,4:11,MISS Smith 2' Driving Layup,,West BLOCK (2 BLK),,,4.0,2747,JR Smith,1610612752.0,New York,Knicks,NYK,0,0,,,,,,5,2561,David West,1610612754.0,Indiana,Pacers,IND,0
261,0041200211,308,4,0,3,5:25 PM,4:09,,,Hibbert REBOUND (Off:2 Def:4),,,5.0,201579,Roy Hibbert,1610612754.0,Indiana,Pacers,IND,0,0,,,,,,0,0,,,,,,0
262,0041200211,309,1,1,3,5:25 PM,4:00,,,Stephenson 5' Jump Shot (11 PTS),73 - 59,-14,5.0,202362,Lance Stephenson,1610612754.0,Indiana,Pacers,IND,0,0,,,,,,0,0,,,,,,0
263,0041200211,310,6,2,3,5:25 PM,4:00,Martin S.FOUL (P3.T4),,,,,4.0,2030,Kenyon Martin,1610612752.0,New York,Knicks,NYK,5,202362,Lance Stephenson,1610612754.0,Indiana,Pacers,IND,1,0,,,,,,0
264,0041200211,311,8,0,3,5:25 PM,4:00,SUB: Kidd FOR Shumpert,,,,,4.0,202697,Iman Shumpert,1610612752.0,New York,Knicks,NYK,4,467,Jason Kidd,1610612752.0,New York,Knicks,NYK,0,0,,,,,,0
265,0041200211,312,3,10,3,5:25 PM,4:00,,,MISS Stephenson Free Throw 1 of 1,,,5.0,202362,Lance Stephenson,1610612754.0,Indiana,Pacers,IND,0,0,,,,,,0,0,,,,,,0
266,0041200211,314,4,0,3,5:26 PM,3:59,Smith REBOUND (Off:0 Def:1),,,,,4.0,2747,JR Smith,1610612752.0,New York,Knicks,NYK,0,0,,,,,,0,0,,,,,,0
267,0041200211,315,6,2,3,5:26 PM,3:45,,,Hibbert S.FOUL (P3.T3),,,5.0,201579,Roy Hibbert,1610612754.0,Indiana,Pacers,IND,4,2030,Kenyon Martin,1610612752.0,New York,Knicks,NYK,1,0,,,,,,0
268,0041200211,316,3,11,3,5:26 PM,3:45,MISS Martin Free Throw 1 of 2,,,,,4.0,2030,Kenyon Martin,1610612752.0,New York,Knicks,NYK,0,0,,,,,,0,0,,,,,,0
269,0041200211,317,4,1,3,5:26 PM,3:45,KNICKS Rebound,,,,,2.0,1610612752,,,,,,0,0,,,,,,0,0,,,,,,0
270,0041200211,318,8,0,3,5:26 PM,3:45,,,SUB: Mahinmi FOR Hibbert,,,5.0,201579,Roy Hibbert,1610612754.0,Indiana,Pacers,IND,5,101133,Ian Mahinmi,1610612754.0,Indiana,Pacers,IND,0,0,,,,,,0
271,0041200211,319,8,0,3,5:26 PM,3:45,SUB: Copeland FOR Chandler,,,,,4.0,2199,Tyson Chandler,1610612752.0,New York,Knicks,NYK,4,203142,Chris Copeland,1610612752.0,New York,Knicks,NYK,0,0,,,,,,0
272,0041200211,320,3,12,3,5:27 PM,3:45,Martin Free Throw 2 of 2 (8 PTS),,,73 - 60,-13,4.0,2030,Kenyon Martin,1610612752.0,New York,Knicks,NYK,0,0,,,,,,0,0,,,,,,0
273,0041200211,322,2,1,3,5:27 PM,3:27,,,MISS West 17' Jump Shot,,,5.0,2561,David West,1610612754.0,Indiana,Pacers,IND,0,0,,,,,,0,0,,,,,,0
274,0041200211,323,4,0,3,5:27 PM,3:26,KNICKS Rebound,,,,,2.0,1610612752,,,,,,0,0,,,,,,0,0,,,,,,0
275,0041200211,324,1,1,3,5:28 PM,3:07,Felton 15' Jump Shot (18 PTS),,,73 - 62,-11,4.0,101109,Raymond Felton,1610612752.0,New York,Knicks,NYK,0,0,,,,,,0,0,,,,,,0
276,0041200211,325,6,1,3,5:28 PM,3:00,Felton P.FOUL (P2.PN),,,,,4.0,101109,Raymond Felton,1610612752.0,New York,Knicks,NYK,5,202331,Paul George,1610612754.0,Indiana,Pacers,IND,1,0,,,,,,0
277,0041200211,326,9,1,3,5:28 PM,3:00,,,Pacers Timeout: Regular (Reg.3 Short 1),,,3.0,1610612754,,,,,,0,0,,,,,,0,0,,,,,,0
278,0041200211,328,3,11,3,5:32 PM,3:00,,,George Free Throw 1 of 2 (13 PTS),74 - 62,-12,5.0,202331,Paul George,1610612754.0,Indiana,Pacers,IND,0,0,,,,,,0,0,,,,,,0
279,0041200211,330,3,12,3,5:32 PM,3:00,,,George Free Throw 2 of 2 (14 PTS),75 - 62,-13,5.0,202331,Paul George,1610612754.0,Indiana,Pacers,IND,0,0,,,,,,0,0,,,,,,0
280,0041200211,332,2,1,3,5:32 PM,2:46,MISS Smith 24' 3PT Jump Shot,,,,,4.0,2747,JR Smith,1610612752.0,New York,Knicks,NYK,0,0,,,,,,0,0,,,,,,0
281,0041200211,333,4,0,3,5:32 PM,2:44,,,Hill REBOUND (Off:0 Def:5),,,5.0,201588,George Hill,1610612754.0,Indiana,Pacers,IND,0,0,,,,,,0,0,,,,,,0
282,0041200211,334,5,40,3,5:33 PM,2:29,,,Mahinmi Out of Bounds Lost Ball Turnover (P1.T12),,,5.0,101133,Ian Mahinmi,1610612754.0,Indiana,Pacers,IND,0,0,,,,,,0,0,,,,,,0
283,0041200211,335,2,1,3,5:33 PM,2:13,MISS Copeland 27' 3PT Jump Shot,,,,,4.0,203142,Chris Copeland,1610612752.0,New York,Knicks,NYK,0,0,,,,,,0,0,,,,,,0
284,0041200211,336,4,0,3,5:33 PM,2:12,,,George REBOUND (Off:0 Def:4),,,5.0,202331,Paul George,1610612754.0,Indiana,Pacers,IND,0,0,,,,,,0,0,,,,,,0
285,0041200211,337,6,1,3,5:33 PM,2:08,Copeland P.FOUL (P1.PN),,,,,4.0,203142,Chris Copeland,1610612752.0,New York,Knicks,NYK,5,2561,David West,1610612754.0,Indiana,Pacers,IND,1,0,,,,,,0
286,0041200211,338,3,11,3,5:33 PM,2:08,,,MISS West Free Throw 1 of 2,,,5.0,2561,David West,1610612754.0,Indiana,Pacers,IND,0,0,,,,,,0,0,,,,,,0
287,0041200211,339,4,1,3,5:33 PM,2:08,,,Pacers Rebound,,,3.0,1610612754,,,,,,0,0,,,,,,0,0,,,,,,0
288,0041200211,340,8,0,3,5:34 PM,2:08,,,SUB: Augustin FOR Hill,,,5.0,201588,George Hill,1610612754.0,Indiana,Pacers,IND,5,201571,D.J. Augustin,1610612754.0,Indiana,Pacers,IND,0,0,,,,,,0
289,0041200211,341,3,12,3,5:34 PM,2:08,,,West Free Throw 2 of 2 (16 PTS),76 - 62,-14,5.0,2561,David West,1610612754.0,Indiana,Pacers,IND,0,0,,,,,,0,0,,,,,,0
290,0041200211,343,1,1,3,5:34 PM,1:53,Copeland 3PT Jump Shot (6 PTS),,,76 - 65,-11,4.0,203142,Chris Copeland,1610612752.0,New York,Knicks,NYK,0,0,,,,,,0,0,,,,,,0
291,0041200211,344,2,42,3,5:35 PM,1:40,Martin BLOCK (2 BLK),,MISS George 3' Driving Layup,,,5.0,202331,Paul George,1610612754.0,Indiana,Pacers,IND,0,0,,,,,,4,2030,Kenyon Martin,1610612752.0,New York,Knicks,NYK,0
292,0041200211,345,4,0,3,5:35 PM,1:38,Kidd REBOUND (Off:0 Def:2),,,,,4.0,467,Jason Kidd,1610612752.0,New York,Knicks,NYK,0,0,,,,,,0,0,,,,,,0
293,0041200211,346,2,1,3,5:35 PM,1:22,MISS Martin 21' Jump Shot,,,,,4.0,2030,Kenyon Martin,1610612752.0,New York,Knicks,NYK,0,0,,,,,,0,0,,,,,,0
294,0041200211,347,4,0,3,5:35 PM,1:20,,,Pacers Rebound,,,3.0,1610612754,,,,,,0,0,,,,,,0,0,,,,,,0
295,0041200211,348,1,42,3,5:35 PM,1:04,,,Augustin 2' Driving Layup (12 PTS),78 - 65,-13,5.0,201571,D.J. Augustin,1610612754.0,Indiana,Pacers,IND,0,0,,,,,,0,0,,,,,,0
296,0041200211,349,5,1,3,5:36 PM,0:51,Kidd Bad Pass Turnover (P1.T7),,Stephenson STEAL (3 STL),,,4.0,467,Jason Kidd,1610612752.0,New York,Knicks,NYK,5,202362,Lance Stephenson,1610612754.0,Indiana,Pacers,IND,0,0,,,,,,0
297,0041200211,350,2,1,3,5:36 PM,0:36,,,MISS George 25' 3PT Jump Shot,,,5.0,202331,Paul George,1610612754.0,Indiana,Pacers,IND,0,0,,,,,,0,0,,,,,,0
298,0041200211,351,4,0,3,5:36 PM,0:34,,,Stephenson REBOUND (Off:2 Def:9),,,5.0,202362,Lance Stephenson,1610612754.0,Indiana,Pacers,IND,0,0,,,,,,0,0,,,,,,0
299,0041200211,352,1,1,3,5:36 PM,0:31,,,Augustin 3PT Jump Shot (15 PTS) (Stephenson 2 AST),81 - 65,-16,5.0,201571,D.J. Augustin,1610612754.0,Indiana,Pacers,IND,5,202362,Lance Stephenson,1610612754.0,Indiana,Pacers,IND,0,0,,,,,,0
300,0041200211,353,2,1,3,5:36 PM,0:13,MISS Felton 17' Jump Shot,,,,,4.0,101109,Raymond Felton,1610612752.0,New York,Knicks,NYK,0,0,,,,,,0,0,,,,,,0
301,0041200211,354,4,0,3,5:36 PM,0:12,,,George REBOUND (Off:0 Def:5),,,5.0,202331,Paul George,1610612754.0,Indiana,Pacers,IND,0,0,,,,,,0,0,,,,,,0
302,0041200211,355,2,1,3,5:36 PM,0:01,,,MISS George 26' 3PT Jump Shot,,,5.0,202331,Paul George,1610612754.0,Indiana,Pacers,IND,0,0,,,,,,0,0,,,,,,0
303,0041200211,356,4,0,3,5:37 PM,0:00,Smith REBOUND (Off:0 Def:2),,,,,4.0,2747,JR Smith,1610612752.0,New York,Knicks,NYK,0,0,,,,,,0,0,,,,,,0
304,0041200211,357,13,0,3,5:37 PM,0:00,,End of 3rd Period (5:37 PM EST),,81 - 65,-16,0.0,0,,,,,,0,0,,,,,,0,0,,,,,,0
305,0041200211,359,12,0,4,5:41 PM,12:00,,Start of 4th Period (5:41 PM EST),,81 - 65,-16,0.0,0,,,,,,0,0,,,,,,0,0,,,,,,0
306,0041200211,360,6,2,4,5:41 PM,11:44,,,George S.FOUL (P4.T1),,,5.0,202331,Paul George,1610612754.0,Indiana,Pacers,IND,4,2546,Carmelo Anthony,1610612752.0,New York,Knicks,NYK,1,0,,,,,,0
307,0041200211,361,3,11,4,5:41 PM,11:44,Anthony Free Throw 1 of 2 (13 PTS),,,81 - 66,-15,4.0,2546,Carmelo Anthony,1610612752.0,New York,Knicks,NYK,0,0,,,,,,0,0,,,,,,0
308,0041200211,363,3,12,4,5:41 PM,11:44,Anthony Free Throw 2 of 2 (14 PTS),,,81 - 67,-14,4.0,2546,Carmelo Anthony,1610612752.0,New York,Knicks,NYK,0,0,,,,,,0,0,,,,,,0
309,0041200211,365,2,1,4,5:42 PM,11:27,,,MISS Hill 24' 3PT Jump Shot,,,5.0,201588,George Hill,1610612754.0,Indiana,Pacers,IND,0,0,,,,,,0,0,,,,,,0
310,0041200211,366,4,0,4,5:42 PM,11:25,Smith REBOUND (Off:0 Def:3),,,,,4.0,2747,JR Smith,1610612752.0,New York,Knicks,NYK,0,0,,,,,,0,0,,,,,,0
311,0041200211,368,6,1,4,5:42 PM,11:17,,,T. Hansbrough P.FOUL (P1.T2),,,5.0,201946,Tyler Hansbrough,1610612754.0,Indiana,Pacers,IND,4,2546,Carmelo Anthony,1610612752.0,New York,Knicks,NYK,1,0,,,,,,0
312,0041200211,369,1,80,4,5:43 PM,11:08,Anthony 11' Step Back Jump Shot (16 PTS),,,81 - 69,-12,4.0,2546,Carmelo Anthony,1610612752.0,New York,Knicks,NYK,0,0,,,,,,0,0,,,,,,0
313,0041200211,370,6,4,4,5:43 PM,10:52,,,Hibbert OFF.Foul (P4),,,5.0,201579,Roy Hibbert,1610612754.0,Indiana,Pacers,IND,4,2747,JR Smith,1610612752.0,New York,Knicks,NYK,1,0,,,,,,0
314,0041200211,371,5,5,4,5:43 PM,10:52,,,Hibbert Foul Turnover (P2.T13),,,5.0,201579,Roy Hibbert,1610612754.0,Indiana,Pacers,IND,0,0,,,,,,1,0,,,,,,0
315,0041200211,372,6,2,4,5:43 PM,10:44,,,T. Hansbrough S.FOUL (P2.T3),,,5.0,201946,Tyler Hansbrough,1610612754.0,Indiana,Pacers,IND,4,2546,Carmelo Anthony,1610612752.0,New York,Knicks,NYK,1,0,,,,,,0
316,0041200211,373,3,11,4,5:44 PM,10:44,Anthony Free Throw 1 of 2 (17 PTS),,,81 - 70,-11,4.0,2546,Carmelo Anthony,1610612752.0,New York,Knicks,NYK,0,0,,,,,,0,0,,,,,,0
317,0041200211,375,3,12,4,5:44 PM,10:44,Anthony Free Throw 2 of 2 (18 PTS),,,81 - 71,-10,4.0,2546,Carmelo Anthony,1610612752.0,New York,Knicks,NYK,0,0,,,,,,0,0,,,,,,0
318,0041200211,377,2,1,4,5:45 PM,10:29,,,MISS T. Hansbrough 3' Jump Shot,,,5.0,201946,Tyler Hansbrough,1610612754.0,Indiana,Pacers,IND,0,0,,,,,,0,0,,,,,,0
319,0041200211,378,4,0,4,5:45 PM,10:28,,,Hibbert REBOUND (Off:3 Def:4),,,5.0,201579,Roy Hibbert,1610612754.0,Indiana,Pacers,IND,0,0,,,,,,0,0,,,,,,0
320,0041200211,379,2,5,4,5:45 PM,10:27,,,MISS Hibbert 2' Layup,,,5.0,201579,Roy Hibbert,1610612754.0,Indiana,Pacers,IND,0,0,,,,,,0,0,,,,,,0
321,0041200211,381,4,0,4,5:45 PM,10:25,,,T. Hansbrough REBOUND (Off:3 Def:1),,,5.0,201946,Tyler Hansbrough,1610612754.0,Indiana,Pacers,IND,0,0,,,,,,0,0,,,,,,0
322,0041200211,380,1,87,4,5:45 PM,10:25,,,T. Hansbrough 1' Putback Dunk (6 PTS),83 - 71,-12,5.0,201946,Tyler Hansbrough,1610612754.0,Indiana,Pacers,IND,0,0,,,,,,0,0,,,,,,0
323,0041200211,382,6,4,4,5:45 PM,10:11,Anthony OFF.Foul (P5),,,,,4.0,2546,Carmelo Anthony,1610612752.0,New York,Knicks,NYK,5,201579,Roy Hibbert,1610612754.0,Indiana,Pacers,IND,1,0,,,,,,0
324,0041200211,383,5,5,4,5:45 PM,10:11,Anthony Foul Turnover (P2.T8),,,,,4.0,2546,Carmelo Anthony,1610612752.0,New York,Knicks,NYK,0,0,,,,,,1,0,,,,,,0
325,0041200211,384,1,5,4,5:46 PM,9:53,,,T. Hansbrough 2' Layup (8 PTS),85 - 71,-14,5.0,201946,Tyler Hansbrough,1610612754.0,Indiana,Pacers,IND,0,0,,,,,,0,0,,,,,,0
326,0041200211,385,1,52,4,5:46 PM,9:42,Martin 1' Alley Oop Dunk (10 PTS) (Smith 2 AST),,,85 - 73,-12,4.0,2030,Kenyon Martin,1610612752.0,New York,Knicks,NYK,4,2747,JR Smith,1610612752.0,New York,Knicks,NYK,0,0,,,,,,0
327,0041200211,386,6,4,4,5:46 PM,9:23,,,T. Hansbrough OFF.Foul (P3),,,5.0,201946,Tyler Hansbrough,1610612754.0,Indiana,Pacers,IND,4,2546,Carmelo Anthony,1610612752.0,New York,Knicks,NYK,1,0,,,,,,0
328,0041200211,387,5,5,4,5:46 PM,9:23,,,T. Hansbrough Foul Turnover (P1.T14),,,5.0,201946,Tyler Hansbrough,1610612754.0,Indiana,Pacers,IND,0,0,,,,,,1,0,,,,,,0
329,0041200211,388,8,0,4,5:46 PM,9:23,SUB: Chandler FOR Martin,,,,,4.0,2030,Kenyon Martin,1610612752.0,New York,Knicks,NYK,4,2199,Tyson Chandler,1610612752.0,New York,Knicks,NYK,0,0,,,,,,0
330,0041200211,389,1,1,4,5:47 PM,9:15,Smith 25' 3PT Jump Shot (9 PTS) (Prigioni 6 AST),,,85 - 76,-9,4.0,2747,JR Smith,1610612752.0,New York,Knicks,NYK,4,203143,Pablo Prigioni,1610612752.0,New York,Knicks,NYK,0,0,,,,,,0
331,0041200211,390,1,3,4,5:47 PM,8:55,,,Hibbert 4' Hook Shot (12 PTS) (George 4 AST),87 - 76,-11,5.0,201579,Roy Hibbert,1610612754.0,Indiana,Pacers,IND,5,202331,Paul George,1610612754.0,Indiana,Pacers,IND,0,0,,,,,,0
332,0041200211,391,6,1,4,5:47 PM,8:38,,,T. Hansbrough P.FOUL (P4.T4),,,5.0,201946,Tyler Hansbrough,1610612754.0,Indiana,Pacers,IND,4,2747,JR Smith,1610612752.0,New York,Knicks,NYK,1,0,,,,,,0
333,0041200211,392,9,4,4,5:47 PM,8:38,,Timeout: Official,,,,1.0,0,,,,,,0,0,,,,,,0,0,,,,,,0
334,0041200211,394,8,0,4,5:51 PM,8:38,,,SUB: West FOR T. Hansbrough,,,5.0,201946,Tyler Hansbrough,1610612754.0,Indiana,Pacers,IND,5,2561,David West,1610612754.0,Indiana,Pacers,IND,0,0,,,,,,0
335,0041200211,395,8,0,4,5:51 PM,8:38,,,SUB: Stephenson FOR Augustin,,,5.0,201571,D.J. Augustin,1610612754.0,Indiana,Pacers,IND,5,202362,Lance Stephenson,1610612754.0,Indiana,Pacers,IND,0,0,,,,,,0
336,0041200211,396,1,1,4,5:51 PM,8:32,Anthony 17' Jump Shot (20 PTS),,,87 - 78,-9,4.0,2546,Carmelo Anthony,1610612752.0,New York,Knicks,NYK,0,0,,,,,,0,0,,,,,,0
337,0041200211,397,2,1,4,5:52 PM,8:10,,,MISS George 24' 3PT Jump Shot,,,5.0,202331,Paul George,1610612754.0,Indiana,Pacers,IND,0,0,,,,,,0,0,,,,,,0
338,0041200211,398,4,0,4,5:52 PM,8:08,Anthony REBOUND (Off:1 Def:8),,,,,4.0,2546,Carmelo Anthony,1610612752.0,New York,Knicks,NYK,0,0,,,,,,0,0,,,,,,0
339,0041200211,399,2,1,4,5:52 PM,7:59,MISS Anthony 15' Jump Shot,,,,,4.0,2546,Carmelo Anthony,1610612752.0,New York,Knicks,NYK,0,0,,,,,,0,0,,,,,,0
340,0041200211,400,4,0,4,5:52 PM,7:59,,,Pacers Rebound,,,3.0,1610612754,,,,,,0,0,,,,,,0,0,,,,,,0
341,0041200211,401,6,3,4,5:52 PM,7:59,Chandler L.B.FOUL (P3.T1),,,,,4.0,2199,Tyson Chandler,1610612752.0,New York,Knicks,NYK,5,202362,Lance Stephenson,1610612754.0,Indiana,Pacers,IND,1,0,,,,,,0
342,0041200211,402,1,1,4,5:53 PM,7:43,,,West 5' Jump Shot (18 PTS) (Stephenson 3 AST),89 - 78,-11,5.0,2561,David West,1610612754.0,Indiana,Pacers,IND,5,202362,Lance Stephenson,1610612754.0,Indiana,Pacers,IND,0,0,,,,,,0
343,0041200211,403,6,1,4,5:53 PM,7:34,,,West P.FOUL (P2.PN),,,5.0,2561,David West,1610612754.0,Indiana,Pacers,IND,4,2747,JR Smith,1610612752.0,New York,Knicks,NYK,1,0,,,,,,0
344,0041200211,404,3,11,4,5:53 PM,7:34,Smith Free Throw 1 of 2 (10 PTS),,,89 - 79,-10,4.0,2747,JR Smith,1610612752.0,New York,Knicks,NYK,0,0,,,,,,0,0,,,,,,0
345,0041200211,405,8,0,4,5:53 PM,7:34,SUB: Shumpert FOR Kidd,,,,,4.0,467,Jason Kidd,1610612752.0,New York,Knicks,NYK,4,202697,Iman Shumpert,1610612752.0,New York,Knicks,NYK,0,0,,,,,,0
346,0041200211,406,3,12,4,5:53 PM,7:34,Smith Free Throw 2 of 2 (11 PTS),,,89 - 80,-9,4.0,2747,JR Smith,1610612752.0,New York,Knicks,NYK,0,0,,,,,,0,0,,,,,,0
347,0041200211,408,1,42,4,5:54 PM,7:18,,,George 2' Driving Layup (16 PTS),91 - 80,-11,5.0,202331,Paul George,1610612754.0,Indiana,Pacers,IND,0,0,,,,,,0,0,,,,,,0
348,0041200211,409,2,1,4,5:54 PM,7:08,MISS Shumpert 3PT Jump Shot,,,,,4.0,202697,Iman Shumpert,1610612752.0,New York,Knicks,NYK,0,0,,,,,,0,0,,,,,,0
349,0041200211,410,4,0,4,5:54 PM,7:06,,,Hill REBOUND (Off:0 Def:6),,,5.0,201588,George Hill,1610612754.0,Indiana,Pacers,IND,0,0,,,,,,0,0,,,,,,0
350,0041200211,411,2,1,4,5:55 PM,6:52,,,MISS Hill 25' 3PT Jump Shot,,,5.0,201588,George Hill,1610612754.0,Indiana,Pacers,IND,0,0,,,,,,0,0,,,,,,0
351,0041200211,412,4,0,4,5:55 PM,6:50,Anthony REBOUND (Off:1 Def:9),,,,,4.0,2546,Carmelo Anthony,1610612752.0,New York,Knicks,NYK,0,0,,,,,,0,0,,,,,,0
352,0041200211,413,2,1,4,5:55 PM,6:43,MISS Anthony 11' Jump Shot,,,,,4.0,2546,Carmelo Anthony,1610612752.0,New York,Knicks,NYK,0,0,,,,,,0,0,,,,,,0
353,0041200211,414,4,0,4,5:55 PM,6:41,,,Stephenson REBOUND (Off:2 Def:10),,,5.0,202362,Lance Stephenson,1610612754.0,Indiana,Pacers,IND,0,0,,,,,,0,0,,,,,,0
354,0041200211,415,6,4,4,5:55 PM,6:35,,,West OFF.Foul (P3),,,5.0,2561,David West,1610612754.0,Indiana,Pacers,IND,4,202697,Iman Shumpert,1610612752.0,New York,Knicks,NYK,1,0,,,,,,0
355,0041200211,416,5,5,4,5:55 PM,6:35,,,West Foul Turnover (P2.T15),,,5.0,2561,David West,1610612754.0,Indiana,Pacers,IND,0,0,,,,,,1,0,,,,,,0
356,0041200211,417,8,0,4,5:55 PM,6:35,SUB: Felton FOR Prigioni,,,,,4.0,203143,Pablo Prigioni,1610612752.0,New York,Knicks,NYK,4,101109,Raymond Felton,1610612752.0,New York,Knicks,NYK,0,0,,,,,,0
357,0041200211,418,2,42,4,5:56 PM,6:16,MISS Anthony 1' Driving Layup,,,,,4.0,2546,Carmelo Anthony,1610612752.0,New York,Knicks,NYK,0,0,,,,,,0,0,,,,,,0
358,0041200211,419,4,0,4,5:56 PM,6:14,KNICKS Rebound,,,,,2.0,1610612752,,,,,,0,0,,,,,,0,0,,,,,,0
359,0041200211,420,9,1,4,5:56 PM,6:14,KNICKS Timeout: Regular (Full 4 Short 0),,,,,2.0,1610612752,,,,,,0,0,,,,,,0,0,,,,,,0
360,0041200211,423,2,1,4,5:59 PM,6:07,MISS Anthony 3' Jump Shot,,Hibbert BLOCK (4 BLK),,,4.0,2546,Carmelo Anthony,1610612752.0,New York,Knicks,NYK,0,0,,,,,,5,201579,Roy Hibbert,1610612754.0,Indiana,Pacers,IND,0
361,0041200211,425,4,0,4,6:00 PM,6:07,KNICKS Rebound,,,,,2.0,1610612752,,,,,,0,0,,,,,,0,0,,,,,,0
362,0041200211,424,10,0,4,6:00 PM,6:07,Jump Ball Anthony vs. Hibbert: Tip to Shumpert,,,,,4.0,2546,Carmelo Anthony,1610612752.0,New York,Knicks,NYK,5,201579,Roy Hibbert,1610612754.0,Indiana,Pacers,IND,4,202697,Iman Shumpert,1610612752.0,New York,Knicks,NYK,0
363,0041200211,426,2,1,4,6:00 PM,5:55,MISS Smith 20' Jump Shot,,,,,4.0,2747,JR Smith,1610612752.0,New York,Knicks,NYK,0,0,,,,,,0,0,,,,,,0
364,0041200211,428,4,0,4,6:00 PM,5:51,Shumpert REBOUND (Off:1 Def:2),,,,,4.0,202697,Iman Shumpert,1610612752.0,New York,Knicks,NYK,0,0,,,,,,0,0,,,,,,0
365,0041200211,427,2,1,4,6:00 PM,5:51,MISS Anthony 25' 3PT Jump Shot,,,,,4.0,2546,Carmelo Anthony,1610612752.0,New York,Knicks,NYK,0,0,,,,,,0,0,,,,,,0
366,0041200211,429,4,0,4,6:00 PM,5:48,,,Hibbert REBOUND (Off:3 Def:5),,,5.0,201579,Roy Hibbert,1610612754.0,Indiana,Pacers,IND,0,0,,,,,,0,0,,,,,,0
367,0041200211,430,1,1,4,6:00 PM,5:40,,,George 13' Jump Shot (18 PTS),93 - 80,-13,5.0,202331,Paul George,1610612754.0,Indiana,Pacers,IND,0,0,,,,,,0,0,,,,,,0
368,0041200211,431,2,5,4,6:01 PM,5:23,MISS Felton 2' Layup,,,,,4.0,101109,Raymond Felton,1610612752.0,New York,Knicks,NYK,0,0,,,,,,0,0,,,,,,0
369,0041200211,434,4,0,4,6:01 PM,5:22,Chandler REBOUND (Off:1 Def:2),,,,,4.0,2199,Tyson Chandler,1610612752.0,New York,Knicks,NYK,0,0,,,,,,0,0,,,,,,0
370,0041200211,433,5,15,4,6:01 PM,5:22,Chandler Offensive Goaltending Turnover (P2.T9),,,,,4.0,2199,Tyson Chandler,1610612752.0,New York,Knicks,NYK,0,0,,,,,,1,0,,,,,,0
371,0041200211,435,2,1,4,6:01 PM,5:05,,,MISS West 15' Jump Shot,,,5.0,2561,David West,1610612754.0,Indiana,Pacers,IND,0,0,,,,,,0,0,,,,,,0
372,0041200211,436,4,0,4,6:01 PM,5:03,Anthony REBOUND (Off:1 Def:10),,,,,4.0,2546,Carmelo Anthony,1610612752.0,New York,Knicks,NYK,0,0,,,,,,0,0,,,,,,0
373,0041200211,437,5,1,4,6:01 PM,4:57,Shumpert Bad Pass Turnover (P3.T10),,,,,4.0,202697,Iman Shumpert,1610612752.0,New York,Knicks,NYK,0,0,,,,,,0,0,,,,,,0
374,0041200211,438,6,2,4,6:02 PM,4:41,Chandler S.FOUL (P4.T2),,,,,4.0,2199,Tyson Chandler,1610612752.0,New York,Knicks,NYK,5,202331,Paul George,1610612754.0,Indiana,Pacers,IND,1,0,,,,,,0
375,0041200211,439,3,11,4,6:02 PM,4:41,,,MISS George Free Throw 1 of 2,,,5.0,202331,Paul George,1610612754.0,Indiana,Pacers,IND,0,0,,,,,,0,0,,,,,,0
376,0041200211,440,4,1,4,6:02 PM,4:41,,,Pacers Rebound,,,3.0,1610612754,,,,,,0,0,,,,,,0,0,,,,,,0
377,0041200211,441,3,12,4,6:02 PM,4:41,,,George Free Throw 2 of 2 (19 PTS),94 - 80,-14,5.0,202331,Paul George,1610612754.0,Indiana,Pacers,IND,0,0,,,,,,0,0,,,,,,0
378,0041200211,443,1,42,4,6:03 PM,4:34,Smith 2' Driving Layup (13 PTS),,,94 - 82,-12,4.0,2747,JR Smith,1610612752.0,New York,Knicks,NYK,0,0,,,,,,0,0,,,,,,0
379,0041200211,444,6,2,4,6:03 PM,4:34,,,Hibbert S.FOUL (P5.PN),,,5.0,201579,Roy Hibbert,1610612754.0,Indiana,Pacers,IND,4,2747,JR Smith,1610612752.0,New York,Knicks,NYK,1,0,,,,,,0
380,0041200211,445,3,10,4,6:03 PM,4:34,MISS Smith Free Throw 1 of 1,,,,,4.0,2747,JR Smith,1610612752.0,New York,Knicks,NYK,0,0,,,,,,0,0,,,,,,0
381,0041200211,447,4,0,4,6:03 PM,4:33,,,West REBOUND (Off:1 Def:2),,,5.0,2561,David West,1610612754.0,Indiana,Pacers,IND,0,0,,,,,,0,0,,,,,,0
382,0041200211,450,2,1,4,6:04 PM,4:17,,,MISS Hill 14' Jump Shot,,,5.0,201588,George Hill,1610612754.0,Indiana,Pacers,IND,0,0,,,,,,0,0,,,,,,0
383,0041200211,451,4,0,4,6:04 PM,4:15,Smith REBOUND (Off:0 Def:4),,,,,4.0,2747,JR Smith,1610612752.0,New York,Knicks,NYK,0,0,,,,,,0,0,,,,,,0
384,0041200211,452,1,42,4,6:04 PM,4:10,Smith 1' Driving Layup (15 PTS),,,94 - 84,-10,4.0,2747,JR Smith,1610612752.0,New York,Knicks,NYK,0,0,,,,,,0,0,,,,,,0
385,0041200211,453,1,1,4,6:05 PM,3:45,,,Hill 25' 3PT Jump Shot (14 PTS) (Hibbert 4 AST),97 - 84,-13,5.0,201588,George Hill,1610612754.0,Indiana,Pacers,IND,5,201579,Roy Hibbert,1610612754.0,Indiana,Pacers,IND,0,0,,,,,,0
386,0041200211,454,1,1,4,6:05 PM,3:33,Anthony 20' Jump Shot (22 PTS),,,97 - 86,-11,4.0,2546,Carmelo Anthony,1610612752.0,New York,Knicks,NYK,0,0,,,,,,0,0,,,,,,0
387,0041200211,455,6,4,4,6:05 PM,3:21,,,West OFF.Foul (P4),,,5.0,2561,David West,1610612754.0,Indiana,Pacers,IND,4,2747,JR Smith,1610612752.0,New York,Knicks,NYK,1,0,,,,,,0
388,0041200211,456,5,5,4,6:05 PM,3:21,,,West Foul Turnover (P3.T16),,,5.0,2561,David West,1610612754.0,Indiana,Pacers,IND,0,0,,,,,,1,0,,,,,,0
389,0041200211,457,1,1,4,6:05 PM,3:13,Anthony 25' 3PT Jump Shot (25 PTS),,,97 - 89,-8,4.0,2546,Carmelo Anthony,1610612752.0,New York,Knicks,NYK,0,0,,,,,,0,0,,,,,,0
390,0041200211,458,9,1,4,6:06 PM,3:10,,,Pacers Timeout: Regular (Reg.4 Short 1),,,3.0,1610612754,,,,,,0,0,,,,,,0,0,,,,,,0
391,0041200211,459,18,0,4,6:06 PM,3:10,,Support Ruling,,,,,457,Andrew Lang,,,,,0,0,,,,,,1,0,,,,,,0
392,0041200211,463,6,1,4,6:09 PM,3:03,Smith P.FOUL (P1.T3),,,,,4.0,2747,JR Smith,1610612752.0,New York,Knicks,NYK,5,202362,Lance Stephenson,1610612754.0,Indiana,Pacers,IND,1,0,,,,,,0
393,0041200211,464,2,1,4,6:10 PM,2:46,,,MISS Hill 25' 3PT Jump Shot,,,5.0,201588,George Hill,1610612754.0,Indiana,Pacers,IND,0,0,,,,,,0,0,,,,,,0
394,0041200211,465,4,0,4,6:10 PM,2:46,,,Pacers Rebound,,,3.0,1610612754,,,,,,0,0,,,,,,0,0,,,,,,0
395,0041200211,466,6,3,4,6:10 PM,2:46,Chandler L.B.FOUL (P5.T4),,,,,4.0,2199,Tyson Chandler,1610612752.0,New York,Knicks,NYK,5,201579,Roy Hibbert,1610612754.0,Indiana,Pacers,IND,1,0,,,,,,0
396,0041200211,467,6,2,4,6:11 PM,2:36,Chandler S.FOUL (P6.PN),,,,,4.0,2199,Tyson Chandler,1610612752.0,New York,Knicks,NYK,5,201579,Roy Hibbert,1610612754.0,Indiana,Pacers,IND,1,0,,,,,,0
397,0041200211,468,8,0,4,6:12 PM,2:36,SUB: Martin FOR Chandler,,,,,4.0,2199,Tyson Chandler,1610612752.0,New York,Knicks,NYK,4,2030,Kenyon Martin,1610612752.0,New York,Knicks,NYK,0,0,,,,,,0
398,0041200211,469,3,11,4,6:12 PM,2:36,,,Hibbert Free Throw 1 of 2 (13 PTS),98 - 89,-9,5.0,201579,Roy Hibbert,1610612754.0,Indiana,Pacers,IND,0,0,,,,,,0,0,,,,,,0
399,0041200211,471,3,12,4,6:13 PM,2:36,,,Hibbert Free Throw 2 of 2 (14 PTS),99 - 89,-10,5.0,201579,Roy Hibbert,1610612754.0,Indiana,Pacers,IND,0,0,,,,,,0,0,,,,,,0
400,0041200211,473,2,5,4,6:13 PM,2:26,MISS Anthony 1' Layup,,,,,4.0,2546,Carmelo Anthony,1610612752.0,New York,Knicks,NYK,0,0,,,,,,0,0,,,,,,0
401,0041200211,475,4,0,4,6:13 PM,2:24,Martin REBOUND (Off:2 Def:0),,,,,4.0,2030,Kenyon Martin,1610612752.0,New York,Knicks,NYK,0,0,,,,,,0,0,,,,,,0
402,0041200211,474,1,87,4,6:13 PM,2:24,Martin 2' Putback Dunk (12 PTS),,,99 - 91,-8,4.0,2030,Kenyon Martin,1610612752.0,New York,Knicks,NYK,0,0,,,,,,0,0,,,,,,0
403,0041200211,476,2,1,4,6:13 PM,2:01,,,MISS Hill 24' 3PT Jump Shot,,,5.0,201588,George Hill,1610612754.0,Indiana,Pacers,IND,0,0,,,,,,0,0,,,,,,0
404,0041200211,477,4,0,4,6:13 PM,1:59,Shumpert REBOUND (Off:1 Def:3),,,,,4.0,202697,Iman Shumpert,1610612752.0,New York,Knicks,NYK,0,0,,,,,,0,0,,,,,,0
405,0041200211,478,2,1,4,6:14 PM,1:53,MISS Anthony 15' Jump Shot,,,,,4.0,2546,Carmelo Anthony,1610612752.0,New York,Knicks,NYK,0,0,,,,,,0,0,,,,,,0
406,0041200211,479,4,0,4,6:14 PM,1:52,,,Hill REBOUND (Off:0 Def:7),,,5.0,201588,George Hill,1610612754.0,Indiana,Pacers,IND,0,0,,,,,,0,0,,,,,,0
407,0041200211,480,1,1,4,6:14 PM,1:33,,,West 4' Jump Shot (20 PTS) (Hill 6 AST),101 - 91,-10,5.0,2561,David West,1610612754.0,Indiana,Pacers,IND,5,201588,George Hill,1610612754.0,Indiana,Pacers,IND,0,0,,,,,,0
408,0041200211,481,2,5,4,6:14 PM,1:25,MISS Martin 2' Layup,,Hibbert BLOCK (5 BLK),,,4.0,2030,Kenyon Martin,1610612752.0,New York,Knicks,NYK,0,0,,,,,,5,201579,Roy Hibbert,1610612754.0,Indiana,Pacers,IND,0
409,0041200211,482,4,0,4,6:14 PM,1:23,Martin REBOUND (Off:3 Def:0),,,,,4.0,2030,Kenyon Martin,1610612752.0,New York,Knicks,NYK,0,0,,,,,,0,0,,,,,,0
410,0041200211,483,6,2,4,6:14 PM,1:16,,,George S.FOUL (P5.PN),,,5.0,202331,Paul George,1610612754.0,Indiana,Pacers,IND,4,2546,Carmelo Anthony,1610612752.0,New York,Knicks,NYK,1,0,,,,,,0
411,0041200211,484,3,11,4,6:14 PM,1:16,Anthony Free Throw 1 of 2 (26 PTS),,,101 - 92,-9,4.0,2546,Carmelo Anthony,1610612752.0,New York,Knicks,NYK,0,0,,,,,,0,0,,,,,,0
412,0041200211,486,3,12,4,6:15 PM,1:16,Anthony Free Throw 2 of 2 (27 PTS),,,101 - 93,-8,4.0,2546,Carmelo Anthony,1610612752.0,New York,Knicks,NYK,0,0,,,,,,0,0,,,,,,0
413,0041200211,488,2,1,4,6:16 PM,0:55,,,MISS West 24' 3PT Jump Shot,,,5.0,2561,David West,1610612754.0,Indiana,Pacers,IND,0,0,,,,,,0,0,,,,,,0
414,0041200211,489,4,0,4,6:16 PM,0:53,Smith REBOUND (Off:0 Def:5),,,,,4.0,2747,JR Smith,1610612752.0,New York,Knicks,NYK,0,0,,,,,,0,0,,,,,,0
415,0041200211,490,6,2,4,6:16 PM,0:50,,,George S.FOUL (P6.PN),,,5.0,202331,Paul George,1610612754.0,Indiana,Pacers,IND,4,2747,JR Smith,1610612752.0,New York,Knicks,NYK,1,0,,,,,,0
416,0041200211,492,8,0,4,6:16 PM,0:50,,,SUB: Augustin FOR George,,,5.0,202331,Paul George,1610612754.0,Indiana,Pacers,IND,5,201571,D.J. Augustin,1610612754.0,Indiana,Pacers,IND,0,0,,,,,,0
417,0041200211,493,3,11,4,6:16 PM,0:50,Smith Free Throw 1 of 2 (16 PTS),,,101 - 94,-7,4.0,2747,JR Smith,1610612752.0,New York,Knicks,NYK,0,0,,,,,,0,0,,,,,,0
418,0041200211,495,3,12,4,6:17 PM,0:50,Smith Free Throw 2 of 2 (17 PTS),,,101 - 95,-6,4.0,2747,JR Smith,1610612752.0,New York,Knicks,NYK,0,0,,,,,,0,0,,,,,,0
419,0041200211,497,9,2,4,6:17 PM,0:50,,,Pacers Timeout: Short (Reg.4 Short 2),,,3.0,1610612754,,,,,,0,0,,,,,,0,0,,,,,,0
420,0041200211,501,2,1,4,6:19 PM,0:40,,,MISS Augustin 3PT Jump Shot,,,5.0,201571,D.J. Augustin,1610612754.0,Indiana,Pacers,IND,0,0,,,,,,0,0,,,,,,0
421,0041200211,502,4,0,4,6:19 PM,0:39,KNICKS Rebound,,,,,2.0,1610612752,,,,,,0,0,,,,,,0,0,,,,,,0
422,0041200211,503,2,1,4,6:19 PM,0:27,MISS Smith 26' 3PT Jump Shot,,,,,4.0,2747,JR Smith,1610612752.0,New York,Knicks,NYK,0,0,,,,,,0,0,,,,,,0
423,0041200211,504,4,0,4,6:19 PM,0:25,,,Stephenson REBOUND (Off:2 Def:11),,,5.0,202362,Lance Stephenson,1610612754.0,Indiana,Pacers,IND,0,0,,,,,,0,0,,,,,,0
424,0041200211,505,6,28,4,6:20 PM,0:20,Martin Personal Take Foul (P4.PN),,,,,4.0,2030,Kenyon Martin,1610612752.0,New York,Knicks,NYK,5,201571,D.J. Augustin,1610612754.0,Indiana,Pacers,IND,1,0,,,,,,0
425,0041200211,506,3,11,4,6:20 PM,0:20,,,Augustin Free Throw 1 of 2 (16 PTS),102 - 95,-7,5.0,201571,D.J. Augustin,1610612754.0,Indiana,Pacers,IND,0,0,,,,,,0,0,,,,,,0
426,0041200211,507,3,12,4,6:20 PM,0:20,,,MISS Augustin Free Throw 2 of 2,,,5.0,201571,D.J. Augustin,1610612754.0,Indiana,Pacers,IND,0,0,,,,,,0,0,,,,,,0
427,0041200211,509,4,0,4,6:20 PM,0:19,,,West REBOUND (Off:2 Def:2),,,5.0,2561,David West,1610612754.0,Indiana,Pacers,IND,0,0,,,,,,0,0,,,,,,0
428,0041200211,510,13,0,4,6:21 PM,0:00,,End of 4th Period (6:21 PM EST),,102 - 95,-7,0.0,0,,,,,,0,0,,,,,,0,0,,,,,,0
